1	1	1
1	2	1
1	3	1
1	4	0
1	5	1
1	6	1
1	7	1
1	8	0
1	9	1
1	10	1
2	1	0
2	2	0
2	3	0
2	4	0
2	5	0
2	6	1
2	7	0
2	8	0
2	9	1
2	10	1
3	1	1
3	2	0
3	3	1
3	4	0
3	5	0
3	6	0
3	7	1
3	8	1
3	9	1
3	10	1
4	1	1
4	2	1
4	3	1
4	4	1
4	5	1
4	6	0
4	7	1
4	8	1
4	9	1
4	10	1
5	1	1
5	2	0
5	3	0
5	4	0
5	5	1
5	6	0
5	7	0
5	8	1
5	9	1
5	10	0
6	1	1
6	2	1
6	3	1
6	4	1
6	5	1
6	6	1
6	7	1
6	8	1
6	9	1
6	10	1
7	1	0
7	2	0
7	3	0
7	4	0
7	5	0
7	6	0
7	7	0
7	8	1
7	9	1
7	10	1
8	1	1
8	2	0
8	3	1
8	4	1
8	5	1
8	6	1
8	7	1
8	8	1
8	9	1
8	10	0
9	1	1
9	2	0
9	3	0
9	4	0
9	5	0
9	6	1
9	7	1
9	8	1
9	9	1
9	10	1
10	1	1
10	2	1
10	3	1
10	4	1
10	5	1
10	6	1
10	7	1
10	8	0
10	9	1
10	10	1
11	1	0
11	2	0
11	3	1
11	4	0
11	5	0
11	6	1
11	7	0
11	8	1
11	9	0
11	10	0
12	1	0
12	2	0
12	3	0
12	4	0
12	5	0
12	6	0
12	7	0
12	8	1
12	9	1
12	10	0
13	1	1
13	2	1
13	3	1
13	4	1
13	5	1
13	6	0
13	7	1
13	8	1
13	9	1
13	10	1
14	1	0
14	2	0
14	3	0
14	4	0
14	5	0
14	6	0
14	7	0
14	8	1
14	9	1
14	10	0
15	1	0
15	2	0
15	3	0
15	4	0
15	5	0
15	6	0
15	7	0
15	8	1
15	9	0
15	10	1
16	1	1
16	2	1
16	3	1
16	4	1
16	5	1
16	6	1
16	7	1
16	8	1
16	9	0
16	10	0
17	1	1
17	2	1
17	3	1
17	4	1
17	5	1
17	6	0
17	7	1
17	8	1
17	9	1
17	10	1
18	1	1
18	2	1
18	3	0
18	4	1
18	5	1
18	6	1
18	7	1
18	8	1
18	9	1
18	10	1
19	1	0
19	2	0
19	3	0
19	4	0
19	5	0
19	6	1
19	7	0
19	8	1
19	9	1
19	10	1
20	1	1
20	2	1
20	3	0
20	4	0
20	5	0
20	6	1
20	7	0
20	8	1
20	9	0
20	10	1
21	11	0
21	4	0
21	12	0
21	13	0
21	14	0
21	15	0
21	9	1
21	16	1
21	17	0
21	10	1
22	11	0
22	4	0
22	12	0
22	13	0
22	14	1
22	15	0
22	9	1
22	16	0
22	17	0
22	10	1
23	11	0
23	4	1
23	12	1
23	13	0
23	14	1
23	15	0
23	9	1
23	16	0
23	17	1
23	10	1
24	11	0
24	4	0
24	12	0
24	13	0
24	14	0
24	15	0
24	9	0
24	16	1
24	17	0
24	10	1
25	11	0
25	4	0
25	12	0
25	13	0
25	14	0
25	15	0
25	9	1
25	16	1
25	17	1
25	10	1
26	11	1
26	4	1
26	12	1
26	13	0
26	14	0
26	15	1
26	9	1
26	16	0
26	17	1
26	10	1
27	11	0
27	4	0
27	12	0
27	13	0
27	14	0
27	15	0
27	9	1
27	16	1
27	17	0
27	10	1
28	11	0
28	4	0
28	12	0
28	13	0
28	14	0
28	15	0
28	9	1
28	16	0
28	17	0
28	10	1
29	11	0
29	4	0
29	12	0
29	13	0
29	14	0
29	15	0
29	9	0
29	16	1
29	17	0
29	10	1
30	11	1
30	4	1
30	12	1
30	13	0
30	14	1
30	15	1
30	9	1
30	16	1
30	17	0
30	10	0
31	11	0
31	4	0
31	12	0
31	13	0
31	14	0
31	15	0
31	9	1
31	16	0
31	17	1
31	10	1
32	11	0
32	4	1
32	12	0
32	13	0
32	14	0
32	15	1
32	9	1
32	16	0
32	17	1
32	10	1
33	11	1
33	4	1
33	12	1
33	13	1
33	14	1
33	15	1
33	9	1
33	16	1
33	17	1
33	10	1
34	11	1
34	4	1
34	12	1
34	13	1
34	14	1
34	15	1
34	9	1
34	16	1
34	17	1
34	10	1
35	11	0
35	4	0
35	12	0
35	13	0
35	14	0
35	15	0
35	9	1
35	16	0
35	17	0
35	10	1
36	11	0
36	4	0
36	12	0
36	13	0
36	14	1
36	15	0
36	9	1
36	16	0
36	17	0
36	10	1
37	11	1
37	4	1
37	12	0
37	13	0
37	14	1
37	15	1
37	9	1
37	16	0
37	17	1
37	10	1
38	11	0
38	4	0
38	12	0
38	13	0
38	14	0
38	15	0
38	9	1
38	16	1
38	17	0
38	10	1
39	11	1
39	4	0
39	12	0
39	13	1
39	14	1
39	15	1
39	9	1
39	16	0
39	17	1
39	10	1
40	11	1
40	4	1
40	12	1
40	13	1
40	14	1
40	15	1
40	9	1
40	16	1
40	17	1
40	10	1
41	4	0
41	2	0
41	18	1
41	19	1
41	6	0
41	9	1
41	20	1
41	21	0
41	22	1
41	10	0
42	4	0
42	2	0
42	18	1
42	19	1
42	6	1
42	9	1
42	20	0
42	21	0
42	22	1
42	10	1
43	4	0
43	2	0
43	18	1
43	19	0
43	6	0
43	9	0
43	20	0
43	21	1
43	22	0
43	10	1
44	4	1
44	2	0
44	18	1
44	19	1
44	6	1
44	9	1
44	20	0
44	21	1
44	22	1
44	10	1
45	4	1
45	2	0
45	18	1
45	19	1
45	6	1
45	9	0
45	20	0
45	21	1
45	22	1
45	10	1
46	4	1
46	2	0
46	18	0
46	19	1
46	6	0
46	9	1
46	20	1
46	21	0
46	22	0
46	10	0
47	4	0
47	2	0
47	18	1
47	19	1
47	6	0
47	9	1
47	20	0
47	21	0
47	22	1
47	10	1
48	4	1
48	2	1
48	18	1
48	19	1
48	6	1
48	9	1
48	20	1
48	21	1
48	22	1
48	10	1
49	4	1
49	2	1
49	18	1
49	19	1
49	6	0
49	9	1
49	20	1
49	21	1
49	22	1
49	10	1
50	4	1
50	2	1
50	18	1
50	19	1
50	6	1
50	9	1
50	20	1
50	21	0
50	22	1
50	10	1
51	4	1
51	2	0
51	18	1
51	19	1
51	6	1
51	9	1
51	20	1
51	21	0
51	22	0
51	10	1
52	4	1
52	2	1
52	18	1
52	19	1
52	6	0
52	9	0
52	20	1
52	21	1
52	22	1
52	10	0
53	4	1
53	2	1
53	18	0
53	19	1
53	6	1
53	9	1
53	20	0
53	21	1
53	22	1
53	10	1
54	4	0
54	2	0
54	18	1
54	19	0
54	6	0
54	9	1
54	20	0
54	21	0
54	22	0
54	10	1
55	4	0
55	2	0
55	18	0
55	19	1
55	6	1
55	9	1
55	20	0
55	21	1
55	22	0
55	10	1
56	4	0
56	2	1
56	18	1
56	19	1
56	6	1
56	9	1
56	20	1
56	21	1
56	22	1
56	10	0
57	4	1
57	2	1
57	18	1
57	19	1
57	6	1
57	9	1
57	20	1
57	21	1
57	22	1
57	10	1
58	4	1
58	2	1
58	18	1
58	19	1
58	6	1
58	9	1
58	20	1
58	21	0
58	22	1
58	10	1
59	4	0
59	2	1
59	18	1
59	19	1
59	6	0
59	9	1
59	20	0
59	21	0
59	22	1
59	10	1
60	4	1
60	2	0
60	18	1
60	19	1
60	6	1
60	9	1
60	20	0
60	21	0
60	22	1
60	10	1
61	23	1
61	24	1
61	6	0
61	25	0
61	9	1
61	8	1
61	10	1
61	26	0
61	27	1
61	28	1
62	23	0
62	24	1
62	6	1
62	25	1
62	9	1
62	8	1
62	10	0
62	26	1
62	27	1
62	28	1
63	23	0
63	24	0
63	6	0
63	25	0
63	9	1
63	8	1
63	10	1
63	26	0
63	27	0
63	28	0
64	23	0
64	24	0
64	6	0
64	25	0
64	9	1
64	8	1
64	10	1
64	26	0
64	27	1
64	28	0
65	23	0
65	24	0
65	6	0
65	25	0
65	9	1
65	8	1
65	10	1
65	26	1
65	27	0
65	28	0
66	23	1
66	24	1
66	6	1
66	25	1
66	9	1
66	8	1
66	10	1
66	26	1
66	27	1
66	28	1
67	23	0
67	24	0
67	6	0
67	25	0
67	9	1
67	8	1
67	10	0
67	26	0
67	27	0
67	28	0
68	23	0
68	24	1
68	6	1
68	25	1
68	9	1
68	8	0
68	10	1
68	26	0
68	27	1
68	28	1
69	23	0
69	24	0
69	6	0
69	25	0
69	9	1
69	8	1
69	10	0
69	26	0
69	27	0
69	28	0
70	23	0
70	24	1
70	6	1
70	25	1
70	9	1
70	8	1
70	10	1
70	26	1
70	27	1
70	28	1
71	23	0
71	24	0
71	6	0
71	25	0
71	9	1
71	8	1
71	10	0
71	26	0
71	27	0
71	28	0
72	23	0
72	24	0
72	6	1
72	25	0
72	9	1
72	8	0
72	10	0
72	26	0
72	27	0
72	28	0
73	23	0
73	24	0
73	6	0
73	25	0
73	9	1
73	8	1
73	10	1
73	26	0
73	27	0
73	28	0
74	23	1
74	24	0
74	6	1
74	25	0
74	9	1
74	8	1
74	10	1
74	26	0
74	27	0
74	28	0
75	23	1
75	24	0
75	6	1
75	25	1
75	9	1
75	8	1
75	10	1
75	26	1
75	27	1
75	28	1
76	23	0
76	24	1
76	6	1
76	25	1
76	9	1
76	8	1
76	10	1
76	26	1
76	27	1
76	28	1
77	23	0
77	24	0
77	6	1
77	25	0
77	9	1
77	8	1
77	10	1
77	26	0
77	27	0
77	28	0
78	23	1
78	24	1
78	6	0
78	25	1
78	9	1
78	8	1
78	10	1
78	26	1
78	27	1
78	28	1
79	23	1
79	24	0
79	6	1
79	25	0
79	9	1
79	8	1
79	10	1
79	26	0
79	27	0
79	28	0
80	23	1
80	24	1
80	6	0
80	25	1
80	9	1
80	8	1
80	10	1
80	26	1
80	27	1
80	28	1
81	11	1
81	6	1
81	29	0
81	30	0
81	2	1
81	7	1
81	16	0
81	9	1
81	10	1
81	8	1
82	11	0
82	6	1
82	29	0
82	30	0
82	2	0
82	7	1
82	16	1
82	9	1
82	10	0
82	8	1
83	11	0
83	6	1
83	29	1
83	30	0
83	2	0
83	7	0
83	16	0
83	9	1
83	10	1
83	8	1
84	11	0
84	6	1
84	29	0
84	30	0
84	2	0
84	7	0
84	16	0
84	9	1
84	10	1
84	8	1
85	11	1
85	6	1
85	29	1
85	30	1
85	2	1
85	7	1
85	16	1
85	9	0
85	10	1
85	8	1
86	11	1
86	6	0
86	29	1
86	30	1
86	2	1
86	7	1
86	16	1
86	9	0
86	10	1
86	8	0
87	11	0
87	6	1
87	29	0
87	30	0
87	2	0
87	7	0
87	16	1
87	9	1
87	10	0
87	8	1
88	11	0
88	6	0
88	29	0
88	30	0
88	2	1
88	7	0
88	16	1
88	9	0
88	10	0
88	8	1
89	11	1
89	6	1
89	29	1
89	30	1
89	2	1
89	7	1
89	16	1
89	9	1
89	10	1
89	8	1
90	11	1
90	6	1
90	29	1
90	30	1
90	2	1
90	7	1
90	16	1
90	9	1
90	10	0
90	8	1
91	11	1
91	6	0
91	29	1
91	30	1
91	2	1
91	7	0
91	16	0
91	9	1
91	10	1
91	8	0
92	11	0
92	6	0
92	29	0
92	30	0
92	2	0
92	7	0
92	16	0
92	9	1
92	10	0
92	8	1
93	11	0
93	6	0
93	29	0
93	30	0
93	2	1
93	7	0
93	16	1
93	9	0
93	10	1
93	8	1
94	11	1
94	6	0
94	29	1
94	30	1
94	2	1
94	7	1
94	16	1
94	9	1
94	10	0
94	8	1
95	11	1
95	6	1
95	29	0
95	30	0
95	2	1
95	7	1
95	16	0
95	9	0
95	10	0
95	8	0
96	11	1
96	6	1
96	29	1
96	30	1
96	2	1
96	7	1
96	16	1
96	9	1
96	10	1
96	8	1
97	11	0
97	6	1
97	29	0
97	30	0
97	2	0
97	7	0
97	16	1
97	9	1
97	10	1
97	8	0
98	11	0
98	6	1
98	29	0
98	30	0
98	2	0
98	7	0
98	16	0
98	9	1
98	10	1
98	8	1
99	11	0
99	6	0
99	29	0
99	30	0
99	2	0
99	7	0
99	16	1
99	9	1
99	10	1
99	8	0
100	11	1
100	6	1
100	29	1
100	30	1
100	2	1
100	7	1
100	16	1
100	9	0
100	10	1
100	8	1
101	6	1
101	16	1
101	8	1
101	9	1
101	2	1
101	31	1
101	10	0
101	32	1
101	33	1
101	34	1
102	6	1
102	16	0
102	8	1
102	9	1
102	2	0
102	31	0
102	10	1
102	32	0
102	33	0
102	34	0
103	6	1
103	16	1
103	8	1
103	9	0
103	2	1
103	31	1
103	10	1
103	32	1
103	33	1
103	34	1
104	6	1
104	16	1
104	8	1
104	9	1
104	2	0
104	31	0
104	10	0
104	32	0
104	33	0
104	34	0
105	6	0
105	16	1
105	8	1
105	9	1
105	2	1
105	31	1
105	10	1
105	32	1
105	33	1
105	34	1
106	6	1
106	16	1
106	8	1
106	9	1
106	2	0
106	31	0
106	10	1
106	32	0
106	33	0
106	34	0
107	6	0
107	16	0
107	8	1
107	9	0
107	2	0
107	31	0
107	10	1
107	32	1
107	33	0
107	34	0
108	6	0
108	35	0
108	9	0
108	7	0
108	36	0
108	37	0
108	10	1
108	38	0
108	39	0
108	2	0
109	6	0
109	35	0
109	9	1
109	7	0
109	36	0
109	37	0
109	10	1
109	38	0
109	39	0
109	2	0
110	6	0
110	35	1
110	9	0
110	7	1
110	36	0
110	37	0
110	10	0
110	38	1
110	39	1
110	2	1
111	6	1
111	35	1
111	9	1
111	7	1
111	36	1
111	37	1
111	10	1
111	38	1
111	39	1
111	2	1
112	6	0
112	35	1
112	9	1
112	7	1
112	36	1
112	37	1
112	10	0
112	38	1
112	39	1
112	2	1
113	6	1
113	35	1
113	9	1
113	7	1
113	36	1
113	37	1
113	10	1
113	38	1
113	39	1
113	2	1
114	6	1
114	35	1
114	9	1
114	7	1
114	36	1
114	37	1
114	10	1
114	38	1
114	39	1
114	2	1
115	6	0
115	35	0
115	9	0
115	7	1
115	36	0
115	37	0
115	10	1
115	38	0
115	39	0
115	2	0
116	6	0
116	35	0
116	9	1
116	7	0
116	36	0
116	37	0
116	10	0
116	38	0
116	39	1
116	2	0
117	6	1
117	35	1
117	9	0
117	7	1
117	36	0
117	37	1
117	10	1
117	38	1
117	39	1
117	2	1
118	6	1
118	35	1
118	9	1
118	7	1
118	36	1
118	37	1
118	10	1
118	38	1
118	39	1
118	2	1
119	6	0
119	35	0
119	9	1
119	7	0
119	36	0
119	37	0
119	10	0
119	38	0
119	39	1
119	2	0
120	6	0
120	35	0
120	9	1
120	7	0
120	36	0
120	37	0
120	10	1
120	38	0
120	39	1
120	2	0
121	6	0
121	35	0
121	9	0
121	7	0
121	36	0
121	37	0
121	10	1
121	38	0
121	39	0
121	2	0
122	6	1
122	35	1
122	9	1
122	7	1
122	36	1
122	37	0
122	10	1
122	38	0
122	39	1
122	2	1
123	6	1
123	35	0
123	9	1
123	7	1
123	36	0
123	37	1
123	10	1
123	38	0
123	39	1
123	2	0
124	6	0
124	35	0
124	9	1
124	7	0
124	36	0
124	37	0
124	10	0
124	38	0
124	39	0
124	2	0
125	6	0
125	35	0
125	9	1
125	7	0
125	36	0
125	37	0
125	10	1
125	38	0
125	39	0
125	2	0
126	6	1
126	35	0
126	9	1
126	7	0
126	36	0
126	37	0
126	10	1
126	38	0
126	39	0
126	2	0
127	6	0
127	35	0
127	9	1
127	7	1
127	36	0
127	37	1
127	10	1
127	38	0
127	39	1
127	2	0
128	40	1
128	41	1
128	6	1
128	42	0
128	9	1
128	21	0
128	43	1
128	15	0
128	10	1
128	8	1
129	40	0
129	41	0
129	6	1
129	42	0
129	9	1
129	21	0
129	43	0
129	15	0
129	10	1
129	8	1
130	40	0
130	41	0
130	6	0
130	42	0
130	9	1
130	21	0
130	43	1
130	15	0
130	10	1
130	8	1
131	40	1
131	41	1
131	6	1
131	42	1
131	9	1
131	21	1
131	43	1
131	15	1
131	10	1
131	8	1
132	40	1
132	41	1
132	6	1
132	42	1
132	9	1
132	21	0
132	43	1
132	15	0
132	10	1
132	8	1
133	40	1
133	41	1
133	6	1
133	42	1
133	9	1
133	21	1
133	43	1
133	15	1
133	10	1
133	8	1
134	40	1
134	41	1
134	6	0
134	42	1
134	9	1
134	21	1
134	43	1
134	15	1
134	10	0
134	8	1
135	40	0
135	41	0
135	6	0
135	42	0
135	9	1
135	21	0
135	43	0
135	15	0
135	10	1
135	8	0
136	40	1
136	41	1
136	6	1
136	42	1
136	9	1
136	21	1
136	43	1
136	15	1
136	10	1
136	8	1
137	40	1
137	41	1
137	6	1
137	42	1
137	9	1
137	21	1
137	43	1
137	15	1
137	10	1
137	8	1
138	40	1
138	41	1
138	6	1
138	42	1
138	9	1
138	21	0
138	43	1
138	15	0
138	10	1
138	8	1
139	40	0
139	41	0
139	6	1
139	42	0
139	9	1
139	21	0
139	43	0
139	15	0
139	10	1
139	8	1
140	40	0
140	41	0
140	6	0
140	42	0
140	9	1
140	21	1
140	43	0
140	15	0
140	10	1
140	8	1
141	40	0
141	41	0
141	6	0
141	42	0
141	9	1
141	21	0
141	43	0
141	15	0
141	10	1
141	8	1
142	40	0
142	41	0
142	6	0
142	42	0
142	9	1
142	21	0
142	43	0
142	15	0
142	10	1
142	8	1
143	40	1
143	41	1
143	6	1
143	42	1
143	9	1
143	21	1
143	43	1
143	15	1
143	10	0
143	8	1
144	40	1
144	41	0
144	6	1
144	42	1
144	9	1
144	21	0
144	43	1
144	15	1
144	10	1
144	8	1
145	40	0
145	41	0
145	6	0
145	42	0
145	9	1
145	21	0
145	43	0
145	15	0
145	10	1
145	8	1
146	40	1
146	41	1
146	6	1
146	42	0
146	9	1
146	21	1
146	43	1
146	15	1
146	10	0
146	8	1
147	40	0
147	41	0
147	6	0
147	42	0
147	9	1
147	21	0
147	43	1
147	15	1
147	10	1
147	8	1
148	44	1
148	6	1
148	24	0
148	2	0
148	16	1
148	9	1
148	45	1
148	10	0
148	8	1
148	46	0
149	44	1
149	6	0
149	24	0
149	2	0
149	16	1
149	9	1
149	45	1
149	10	1
149	8	0
149	46	1
150	44	0
150	6	1
150	24	0
150	2	0
150	16	1
150	9	1
150	45	0
150	10	1
150	8	0
150	46	0
151	44	0
151	6	1
151	24	0
151	2	0
151	16	1
151	9	1
151	45	0
151	10	0
151	8	0
151	46	0
152	44	1
152	6	0
152	24	0
152	2	1
152	16	1
152	9	1
152	45	1
152	10	1
152	8	1
152	46	0
153	44	1
153	6	1
153	24	0
153	2	1
153	16	0
153	9	1
153	45	1
153	10	1
153	8	1
153	46	0
154	44	1
154	6	1
154	24	1
154	2	1
154	16	0
154	9	1
154	45	1
154	10	1
154	8	0
154	46	1
155	44	1
155	6	1
155	24	1
155	2	0
155	16	1
155	9	1
155	45	1
155	10	1
155	8	0
155	46	1
156	44	1
156	6	1
156	24	0
156	2	0
156	16	0
156	9	1
156	45	0
156	10	1
156	8	0
156	46	0
157	44	0
157	6	1
157	24	0
157	2	0
157	16	0
157	9	1
157	45	0
157	10	1
157	8	1
157	46	0
158	44	1
158	6	1
158	24	0
158	2	1
158	16	1
158	9	1
158	45	1
158	10	1
158	8	1
158	46	1
159	44	1
159	6	1
159	24	1
159	2	1
159	16	1
159	9	1
159	45	1
159	10	1
159	8	0
159	46	1
160	44	0
160	6	1
160	24	0
160	2	1
160	16	0
160	9	1
160	45	1
160	10	1
160	8	0
160	46	0
161	44	1
161	6	1
161	24	1
161	2	1
161	16	0
161	9	0
161	45	0
161	10	0
161	8	1
161	46	1
162	44	1
162	6	1
162	24	1
162	2	1
162	16	1
162	9	1
162	45	1
162	10	1
162	8	1
162	46	1
163	44	0
163	6	1
163	24	0
163	2	0
163	16	1
163	9	1
163	45	0
163	10	0
163	8	0
163	46	1
164	44	1
164	6	1
164	24	1
164	2	1
164	16	1
164	9	1
164	45	0
164	10	1
164	8	1
164	46	1
165	44	1
165	6	1
165	24	1
165	2	1
165	16	0
165	9	1
165	45	1
165	10	1
165	8	0
165	46	1
166	44	1
166	6	0
166	24	0
166	2	0
166	16	1
166	9	1
166	45	0
166	10	1
166	8	0
166	46	1
167	44	1
167	6	1
167	24	1
167	2	1
167	16	0
167	9	1
167	45	1
167	10	0
167	8	1
167	46	1
168	47	0
168	6	1
168	48	0
168	49	1
168	2	0
168	15	0
168	9	1
168	50	0
168	8	1
168	10	1
169	47	0
169	6	0
169	48	0
169	49	1
169	2	1
169	15	0
169	9	1
169	50	0
169	8	1
169	10	1
170	47	0
170	6	1
170	48	0
170	49	1
170	2	0
170	15	0
170	9	1
170	50	0
170	8	0
170	10	1
171	47	0
171	6	1
171	48	1
171	49	1
171	2	0
171	15	0
171	9	1
171	50	0
171	8	1
171	10	1
172	47	0
172	6	1
172	48	1
172	49	1
172	2	0
172	15	1
172	9	1
172	50	1
172	8	1
172	10	1
173	47	0
173	6	1
173	48	1
173	49	1
173	2	1
173	15	0
173	9	1
173	50	0
173	8	1
173	10	1
174	47	0
174	6	1
174	48	0
174	49	1
174	2	0
174	15	0
174	9	1
174	50	0
174	8	1
174	10	1
175	47	1
175	6	1
175	48	1
175	49	1
175	2	1
175	15	0
175	9	1
175	50	1
175	8	1
175	10	1
176	47	1
176	6	1
176	48	0
176	49	0
176	2	0
176	15	0
176	9	0
176	50	0
176	8	1
176	10	1
177	47	1
177	6	1
177	48	1
177	49	1
177	2	1
177	15	1
177	9	1
177	50	1
177	8	1
177	10	1
178	47	0
178	6	0
178	48	0
178	49	0
178	2	0
178	15	0
178	9	1
178	50	1
178	8	1
178	10	1
179	47	0
179	6	0
179	48	1
179	49	1
179	2	1
179	15	1
179	9	0
179	50	0
179	8	1
179	10	1
180	47	0
180	6	1
180	48	0
180	49	1
180	2	0
180	15	0
180	9	0
180	50	0
180	8	1
180	10	1
181	47	0
181	6	0
181	48	0
181	49	1
181	2	0
181	15	0
181	9	1
181	50	0
181	8	1
181	10	1
182	47	0
182	6	0
182	48	0
182	49	1
182	2	0
182	15	0
182	9	0
182	50	0
182	8	1
182	10	1
183	47	1
183	6	1
183	48	1
183	49	1
183	2	1
183	15	0
183	9	1
183	50	1
183	8	1
183	10	0
184	47	1
184	6	1
184	48	1
184	49	1
184	2	1
184	15	1
184	9	1
184	50	1
184	8	1
184	10	0
185	47	0
185	6	1
185	48	0
185	49	1
185	2	0
185	15	0
185	9	1
185	50	0
185	8	1
185	10	1
186	47	0
186	6	0
186	48	1
186	49	1
186	2	0
186	15	1
186	9	1
186	50	0
186	8	1
186	10	1
187	47	1
187	6	1
187	48	1
187	49	1
187	2	1
187	15	1
187	9	1
187	50	1
187	8	0
187	10	0
188	51	0
188	11	0
188	52	1
188	53	0
188	54	0
188	6	1
188	16	1
188	9	1
188	10	1
188	8	0
189	51	1
189	11	1
189	52	1
189	53	1
189	54	1
189	6	0
189	16	1
189	9	1
189	10	1
189	8	0
190	51	0
190	11	0
190	52	0
190	53	0
190	54	0
190	6	0
190	16	0
190	9	0
190	10	0
190	8	1
191	51	1
191	11	1
191	52	1
191	53	1
191	54	1
191	6	1
191	16	0
191	9	1
191	10	1
191	8	0
192	51	1
192	11	1
192	52	1
192	53	1
192	54	1
192	6	1
192	16	1
192	9	1
192	10	1
192	8	1
193	51	1
193	11	1
193	52	1
193	53	1
193	54	1
193	6	1
193	16	1
193	9	1
193	10	1
193	8	1
194	51	0
194	11	0
194	52	0
194	53	0
194	54	0
194	6	1
194	16	1
194	9	1
194	10	1
194	8	1
195	51	0
195	11	1
195	52	0
195	53	0
195	54	0
195	6	1
195	16	0
195	9	1
195	10	1
195	8	1
196	51	0
196	11	1
196	52	1
196	53	0
196	54	0
196	6	1
196	16	1
196	9	0
196	10	0
196	8	1
197	51	0
197	11	1
197	52	1
197	53	1
197	54	1
197	6	1
197	16	0
197	9	0
197	10	1
197	8	1
198	51	1
198	11	1
198	52	1
198	53	1
198	54	1
198	6	1
198	16	1
198	9	0
198	10	1
198	8	1
199	51	1
199	11	1
199	52	1
199	53	1
199	54	1
199	6	1
199	16	1
199	9	1
199	10	1
199	8	1
200	51	0
200	11	0
200	52	0
200	53	0
200	54	0
200	6	1
200	16	1
200	9	0
200	10	1
200	8	1
201	51	0
201	11	1
201	52	0
201	53	1
201	54	1
201	6	1
201	16	0
201	9	1
201	10	1
201	8	0
202	51	0
202	11	1
202	52	1
202	53	1
202	54	1
202	6	1
202	16	1
202	9	1
202	10	1
202	8	0
203	51	0
203	11	0
203	52	0
203	53	0
203	54	0
203	6	1
203	16	1
203	9	1
203	10	1
203	8	1
204	51	1
204	11	0
204	52	1
204	53	1
204	54	0
204	6	1
204	16	1
204	9	0
204	10	0
204	8	0
205	51	1
205	11	1
205	52	1
205	53	1
205	54	1
205	6	1
205	16	0
205	9	1
205	10	1
205	8	1
206	51	1
206	11	1
206	52	1
206	53	1
206	54	1
206	6	0
206	16	1
206	9	1
206	10	1
206	8	1
207	51	0
207	11	1
207	52	1
207	53	1
207	54	1
207	6	1
207	16	0
207	9	1
207	10	0
207	8	1
208	9	1
208	55	1
208	56	1
208	57	1
208	21	0
208	58	1
208	59	1
208	8	1
208	10	0
208	60	1
209	61	0
209	4	0
209	62	0
209	54	0
209	63	0
209	64	0
209	9	1
209	65	0
209	10	1
209	8	1
210	61	0
210	4	1
210	62	1
210	54	1
210	63	0
210	64	1
210	9	1
210	65	1
210	10	1
210	8	1
211	61	1
211	4	0
211	62	0
211	54	0
211	63	0
211	64	0
211	9	1
211	65	0
211	10	0
211	8	1
212	66	1
212	67	0
212	4	1
212	68	0
212	69	1
212	70	1
212	6	1
212	71	1
212	9	1
212	10	1
213	66	1
213	67	1
213	4	1
213	68	1
213	69	1
213	70	0
213	6	1
213	71	1
213	9	1
213	10	1
214	66	1
214	67	1
214	4	1
214	68	0
214	69	0
214	70	0
214	6	1
214	71	1
214	9	1
214	10	1
215	66	1
215	67	1
215	4	1
215	68	1
215	69	1
215	70	1
215	6	0
215	71	1
215	9	1
215	10	1
216	66	0
216	67	0
216	4	0
216	68	0
216	69	1
216	70	0
216	6	0
216	71	0
216	9	1
216	10	0
217	66	0
217	67	0
217	4	0
217	68	0
217	69	1
217	70	0
217	6	0
217	71	0
217	9	1
217	10	0
218	66	1
218	67	1
218	4	1
218	68	1
218	69	1
218	70	1
218	6	1
218	71	1
218	9	1
218	10	1
219	66	1
219	67	1
219	4	1
219	68	1
219	69	1
219	70	1
219	6	1
219	71	1
219	9	1
219	10	1
220	66	1
220	67	1
220	4	1
220	68	0
220	69	0
220	70	1
220	6	0
220	71	1
220	9	1
220	10	0
221	66	1
221	67	1
221	4	1
221	68	1
221	69	1
221	70	1
221	6	1
221	71	1
221	9	1
221	10	0
222	66	0
222	67	0
222	4	0
222	68	0
222	69	0
222	70	0
222	6	1
222	71	0
222	9	1
222	10	1
223	66	0
223	67	0
223	4	1
223	68	0
223	69	1
223	70	0
223	6	0
223	71	0
223	9	1
223	10	1
224	66	1
224	67	1
224	4	1
224	68	1
224	69	1
224	70	0
224	6	1
224	71	1
224	9	0
224	10	1
225	66	0
225	67	0
225	4	0
225	68	0
225	69	0
225	70	0
225	6	1
225	71	0
225	9	0
225	10	1
226	66	1
226	67	1
226	4	1
226	68	1
226	69	1
226	70	1
226	6	1
226	71	1
226	9	0
226	10	1
227	66	0
227	67	0
227	4	0
227	68	0
227	69	0
227	70	0
227	6	0
227	71	0
227	9	1
227	10	1
228	66	1
228	67	1
228	4	1
228	68	1
228	69	1
228	70	1
228	6	1
228	71	1
228	9	1
228	10	1
229	66	0
229	67	0
229	4	0
229	68	0
229	69	0
229	70	0
229	6	0
229	71	0
229	9	1
229	10	1
230	66	0
230	67	0
230	4	0
230	68	0
230	69	1
230	70	0
230	6	0
230	71	0
230	9	1
230	10	0
231	66	0
231	67	0
231	4	0
231	68	0
231	69	0
231	70	0
231	6	0
231	71	0
231	9	1
231	10	1
232	4	0
232	6	0
232	72	0
232	2	0
232	16	1
232	9	1
232	10	1
232	73	0
232	74	1
232	75	0
233	4	1
233	6	0
233	72	1
233	2	1
233	16	1
233	9	1
233	10	1
233	73	1
233	74	1
233	75	1
234	4	1
234	6	1
234	72	1
234	2	1
234	16	1
234	9	1
234	10	1
234	73	1
234	74	1
234	75	0
235	4	0
235	6	0
235	72	1
235	2	0
235	16	0
235	9	1
235	10	0
235	73	1
235	74	0
235	75	0
236	4	0
236	6	0
236	72	1
236	2	0
236	16	0
236	9	1
236	10	0
236	73	1
236	74	0
236	75	0
237	4	0
237	6	1
237	72	0
237	2	0
237	16	1
237	9	1
237	10	1
237	73	0
237	74	0
237	75	0
238	4	1
238	6	1
238	72	1
238	2	1
238	16	1
238	9	0
238	10	1
238	73	0
238	74	1
238	75	1
239	4	1
239	6	1
239	72	1
239	2	1
239	16	1
239	9	1
239	10	1
239	73	1
239	74	1
239	75	1
240	4	1
240	6	1
240	72	1
240	2	1
240	16	1
240	9	1
240	10	1
240	73	1
240	74	0
240	75	1
241	4	0
241	6	0
241	72	0
241	2	0
241	16	0
241	9	1
241	10	0
241	73	0
241	74	0
241	75	0
242	4	0
242	6	0
242	72	0
242	2	0
242	16	0
242	9	0
242	10	1
242	73	0
242	74	0
242	75	0
243	4	0
243	6	0
243	72	0
243	2	0
243	16	1
243	9	1
243	10	1
243	73	0
243	74	0
243	75	0
244	4	1
244	6	1
244	72	1
244	2	1
244	16	1
244	9	1
244	10	0
244	73	1
244	74	1
244	75	1
245	4	1
245	6	1
245	72	1
245	2	1
245	16	1
245	9	1
245	10	1
245	73	1
245	74	1
245	75	1
246	4	1
246	6	1
246	72	1
246	2	0
246	16	1
246	9	1
246	10	1
246	73	1
246	74	0
246	75	1
247	4	1
247	6	1
247	72	1
247	2	1
247	16	0
247	9	0
247	10	1
247	73	1
247	74	1
247	75	1
248	4	0
248	6	0
248	72	0
248	2	0
248	16	1
248	9	1
248	10	1
248	73	0
248	74	0
248	75	0
249	4	0
249	6	0
249	72	1
249	2	0
249	16	1
249	9	1
249	10	1
249	73	1
249	74	0
249	75	1
250	4	1
250	6	0
250	72	1
250	2	0
250	16	0
250	9	1
250	10	1
250	73	1
250	74	1
250	75	1
251	4	0
251	6	0
251	72	0
251	2	0
251	16	1
251	9	1
251	10	1
251	73	0
251	74	0
251	75	0
252	76	0
252	77	0
252	11	0
252	6	1
252	2	0
252	9	1
252	78	0
252	10	0
252	79	1
252	80	0
253	76	0
253	77	1
253	11	1
253	6	1
253	2	1
253	9	1
253	78	0
253	10	1
253	79	1
253	80	1
254	76	1
254	77	1
254	11	1
254	6	1
254	2	1
254	9	1
254	78	1
254	10	1
254	79	1
254	80	1
255	76	1
255	77	1
255	11	0
255	6	1
255	2	1
255	9	0
255	78	1
255	10	1
255	79	1
255	80	1
256	76	1
256	77	0
256	11	0
256	6	1
256	2	1
256	9	1
256	78	0
256	10	1
256	79	1
256	80	1
257	76	1
257	77	0
257	11	1
257	6	1
257	2	1
257	9	1
257	78	1
257	10	1
257	79	1
257	80	1
258	76	0
258	77	1
258	11	0
258	6	1
258	2	0
258	9	0
258	78	0
258	10	1
258	79	1
258	80	1
259	76	1
259	77	0
259	11	1
259	6	1
259	2	1
259	9	1
259	78	1
259	10	1
259	79	1
259	80	1
260	76	0
260	77	1
260	11	0
260	6	0
260	2	0
260	9	0
260	78	0
260	10	1
260	79	0
260	80	0
261	76	0
261	77	1
261	11	0
261	6	1
261	2	0
261	9	1
261	78	0
261	10	1
261	79	1
261	80	0
262	76	0
262	77	1
262	11	1
262	6	0
262	2	1
262	9	0
262	78	1
262	10	1
262	79	0
262	80	1
263	76	0
263	77	0
263	11	0
263	6	1
263	2	0
263	9	1
263	78	0
263	10	1
263	79	0
263	80	0
264	76	1
264	77	1
264	11	1
264	6	1
264	2	0
264	9	1
264	78	1
264	10	1
264	79	1
264	80	1
265	76	1
265	77	1
265	11	0
265	6	1
265	2	1
265	9	0
265	78	1
265	10	1
265	79	1
265	80	1
266	76	0
266	77	0
266	11	0
266	6	0
266	2	0
266	9	1
266	78	0
266	10	1
266	79	0
266	80	1
267	76	0
267	77	0
267	11	0
267	6	1
267	2	0
267	9	0
267	78	1
267	10	1
267	79	0
267	80	1
268	76	0
268	77	1
268	11	0
268	6	1
268	2	0
268	9	1
268	78	0
268	10	1
268	79	0
268	80	0
269	76	0
269	77	1
269	11	0
269	6	1
269	2	0
269	9	1
269	78	1
269	10	1
269	79	1
269	80	1
270	76	1
270	77	1
270	11	1
270	6	1
270	2	1
270	9	1
270	78	1
270	10	0
270	79	1
270	80	1
271	76	0
271	77	1
271	11	1
271	6	1
271	2	1
271	9	1
271	78	1
271	10	1
271	79	1
271	80	1
272	81	0
272	82	0
272	83	1
272	2	0
272	4	0
272	6	1
272	8	0
272	84	1
272	9	1
272	10	1
273	81	1
273	82	0
273	83	0
273	2	0
273	4	0
273	6	0
273	8	1
273	84	0
273	9	0
273	10	1
274	81	1
274	82	0
274	83	1
274	2	1
274	4	1
274	6	1
274	8	1
274	84	1
274	9	1
274	10	1
275	81	1
275	82	0
275	83	1
275	2	0
275	4	0
275	6	0
275	8	1
275	84	1
275	9	1
275	10	1
276	81	0
276	82	0
276	83	0
276	2	0
276	4	0
276	6	1
276	8	1
276	84	0
276	9	1
276	10	1
277	81	0
277	82	0
277	83	1
277	2	0
277	4	0
277	6	1
277	8	1
277	84	0
277	9	1
277	10	1
278	81	1
278	82	0
278	83	0
278	2	0
278	4	1
278	6	1
278	8	1
278	84	1
278	9	1
278	10	0
279	81	0
279	82	0
279	83	0
279	2	0
279	4	0
279	6	1
279	8	1
279	84	1
279	9	1
279	10	1
280	81	1
280	82	1
280	83	1
280	2	1
280	4	1
280	6	1
280	8	1
280	84	1
280	9	1
280	10	1
281	81	1
281	82	0
281	83	1
281	2	1
281	4	1
281	6	0
281	8	1
281	84	0
281	9	0
281	10	1
282	81	1
282	82	1
282	83	1
282	2	1
282	4	1
282	6	1
282	8	1
282	84	1
282	9	0
282	10	0
283	81	1
283	82	0
283	83	1
283	2	1
283	4	1
283	6	0
283	8	1
283	84	1
283	9	1
283	10	1
284	81	0
284	82	0
284	83	1
284	2	0
284	4	1
284	6	0
284	8	1
284	84	1
284	9	1
284	10	1
285	81	0
285	82	0
285	83	1
285	2	1
285	4	1
285	6	1
285	8	1
285	84	0
285	9	1
285	10	1
286	81	1
286	82	0
286	83	1
286	2	0
286	4	1
286	6	0
286	8	1
286	84	1
286	9	1
286	10	1
287	6	1
287	16	1
287	8	1
287	9	0
287	2	1
287	31	1
287	10	1
287	32	1
287	33	1
287	34	1
288	6	1
288	16	0
288	8	1
288	9	1
288	2	0
288	31	0
288	10	0
288	32	0
288	33	0
288	34	0
289	6	1
289	16	1
289	8	1
289	9	1
289	2	0
289	31	0
289	10	1
289	32	0
289	33	0
289	34	0
290	6	0
290	16	0
290	8	1
290	9	1
290	2	0
290	31	0
290	10	1
290	32	0
290	33	1
290	34	0
291	6	1
291	16	1
291	8	1
291	9	1
291	2	0
291	31	0
291	10	1
291	32	0
291	33	0
291	34	0
292	6	0
292	16	1
292	8	1
292	9	1
292	2	1
292	31	1
292	10	0
292	32	1
292	33	1
292	34	1
293	6	1
293	16	1
293	8	1
293	9	1
293	2	1
293	31	0
293	10	1
293	32	1
293	33	1
293	34	1
294	6	1
294	16	1
294	8	1
294	9	1
294	2	0
294	31	0
294	10	1
294	32	1
294	33	1
294	34	0
295	6	0
295	16	1
295	8	0
295	9	1
295	2	1
295	31	1
295	10	1
295	32	1
295	33	0
295	34	1
296	6	1
296	16	0
296	8	1
296	9	0
296	2	0
296	31	0
296	10	1
296	32	0
296	33	0
296	34	0
297	6	1
297	16	0
297	8	1
297	9	1
297	2	1
297	31	1
297	10	1
297	32	1
297	33	1
297	34	1
298	6	1
298	16	1
298	8	1
298	9	1
298	2	1
298	31	1
298	10	0
298	32	1
298	33	1
298	34	1
299	6	1
299	16	1
299	8	1
299	9	1
299	2	1
299	31	0
299	10	1
299	32	1
299	33	0
299	34	0
300	81	1
300	82	1
300	83	1
300	2	0
300	4	0
300	6	0
300	8	1
300	84	1
300	9	1
300	10	1
301	81	1
301	82	1
301	83	1
301	2	1
301	4	1
301	6	1
301	8	1
301	84	1
301	9	1
301	10	1
302	81	0
302	82	0
302	83	1
302	2	1
302	4	0
302	6	1
302	8	1
302	84	0
302	9	1
302	10	1
303	81	1
303	82	0
303	83	1
303	2	1
303	4	1
303	6	1
303	8	1
303	84	1
303	9	1
303	10	1
304	81	1
304	82	1
304	83	1
304	2	1
304	4	1
304	6	0
304	8	1
304	84	0
304	9	1
304	10	1
305	85	1
305	6	1
305	86	1
305	87	1
305	88	1
305	16	0
305	9	1
305	45	0
305	10	1
305	8	1
306	85	0
306	6	1
306	86	0
306	87	1
306	88	1
306	16	0
306	9	1
306	45	1
306	10	1
306	8	1
307	85	0
307	6	1
307	86	0
307	87	1
307	88	1
307	16	1
307	9	1
307	45	0
307	10	1
307	8	1
308	85	1
308	6	0
308	86	1
308	87	1
308	88	1
308	16	1
308	9	1
308	45	1
308	10	1
308	8	1
309	85	0
309	6	0
309	86	0
309	87	1
309	88	1
309	16	1
309	9	1
309	45	1
309	10	0
309	8	1
310	85	0
310	6	1
310	86	1
310	87	0
310	88	1
310	16	0
310	9	1
310	45	1
310	10	0
310	8	1
311	85	0
311	6	1
311	86	1
311	87	0
311	88	1
311	16	1
311	9	1
311	45	1
311	10	0
311	8	0
312	85	0
312	6	0
312	86	0
312	87	1
312	88	1
312	16	0
312	9	1
312	45	0
312	10	0
312	8	1
313	85	1
313	6	0
313	86	1
313	87	1
313	88	1
313	16	1
313	9	0
313	45	1
313	10	0
313	8	1
314	85	0
314	6	0
314	86	1
314	87	0
314	88	1
314	16	0
314	9	1
314	45	0
314	10	0
314	8	0
315	85	0
315	6	1
315	86	0
315	87	1
315	88	1
315	16	1
315	9	1
315	45	0
315	10	0
315	8	1
316	85	0
316	6	1
316	86	0
316	87	0
316	88	1
316	16	1
316	9	1
316	45	0
316	10	0
316	8	1
317	85	0
317	6	1
317	86	0
317	87	0
317	88	1
317	16	1
317	9	0
317	45	0
317	10	1
317	8	1
318	85	0
318	6	0
318	86	1
318	87	1
318	88	1
318	16	0
318	9	0
318	45	1
318	10	0
318	8	1
319	85	1
319	6	0
319	86	1
319	87	1
319	88	1
319	16	1
319	9	1
319	45	1
319	10	1
319	8	0
320	85	0
320	6	0
320	86	0
320	87	0
320	88	1
320	16	0
320	9	0
320	45	0
320	10	1
320	8	1
321	85	1
321	6	0
321	86	1
321	87	1
321	88	1
321	16	1
321	9	1
321	45	1
321	10	1
321	8	0
322	85	1
322	6	1
322	86	1
322	87	0
322	88	1
322	16	1
322	9	1
322	45	1
322	10	1
322	8	1
323	85	0
323	6	0
323	86	0
323	87	0
323	88	1
323	16	0
323	9	1
323	45	0
323	10	1
323	8	1
324	85	0
324	6	1
324	86	1
324	87	0
324	88	1
324	16	1
324	9	0
324	45	0
324	10	1
324	8	0
325	6	1
325	89	0
325	2	0
325	15	0
325	56	0
325	9	1
325	68	0
325	33	0
325	90	0
325	91	0
326	6	1
326	89	0
326	2	0
326	15	0
326	56	0
326	9	1
326	68	1
326	33	0
326	90	0
326	91	0
327	6	1
327	89	0
327	2	0
327	15	0
327	56	0
327	9	0
327	68	0
327	33	0
327	90	0
327	91	1
328	6	1
328	89	1
328	2	1
328	15	0
328	56	1
328	9	1
328	68	1
328	33	1
328	90	1
328	91	1
329	6	1
329	89	1
329	2	1
329	15	1
329	56	1
329	9	1
329	68	1
329	33	1
329	90	1
329	91	1
330	92	0
330	6	1
330	8	0
330	93	0
330	9	1
330	16	0
330	10	1
330	86	0
330	94	0
330	2	1
331	92	1
331	6	0
331	8	1
331	93	1
331	9	1
331	16	0
331	10	1
331	86	1
331	94	1
331	2	1
332	92	1
332	6	1
332	8	1
332	93	1
332	9	1
332	16	1
332	10	1
332	86	1
332	94	0
332	2	1
333	92	0
333	6	0
333	8	1
333	93	1
333	9	1
333	16	1
333	10	1
333	86	1
333	94	1
333	2	1
334	92	0
334	6	0
334	8	1
334	93	0
334	9	1
334	16	0
334	10	1
334	86	0
334	94	0
334	2	0
335	92	0
335	6	1
335	8	1
335	93	0
335	9	1
335	16	0
335	10	1
335	86	0
335	94	0
335	2	0
336	92	0
336	6	1
336	8	1
336	93	0
336	9	1
336	16	0
336	10	1
336	86	0
336	94	0
336	2	0
337	92	0
337	6	1
337	8	1
337	93	0
337	9	1
337	16	1
337	10	1
337	86	0
337	94	0
337	2	0
338	92	1
338	6	1
338	8	1
338	93	1
338	9	0
338	16	1
338	10	0
338	86	1
338	94	1
338	2	0
339	92	1
339	6	0
339	8	1
339	93	1
339	9	1
339	16	1
339	10	0
339	86	0
339	94	1
339	2	0
340	92	1
340	6	1
340	8	1
340	93	1
340	9	1
340	16	1
340	10	0
340	86	1
340	94	1
340	2	1
341	92	0
341	6	0
341	8	0
341	93	0
341	9	1
341	16	0
341	10	1
341	86	0
341	94	0
341	2	0
342	92	1
342	6	1
342	8	0
342	93	1
342	9	1
342	16	0
342	10	1
342	86	1
342	94	1
342	2	1
343	92	1
343	6	0
343	8	1
343	93	1
343	9	1
343	16	1
343	10	0
343	86	1
343	94	1
343	2	1
344	4	0
344	12	0
344	95	0
344	6	0
344	96	0
344	9	1
344	97	0
344	98	0
344	10	1
344	33	0
345	4	0
345	12	0
345	95	0
345	6	1
345	96	0
345	9	0
345	97	0
345	98	0
345	10	1
345	33	0
346	4	0
346	12	0
346	95	0
346	6	1
346	96	0
346	9	1
346	97	0
346	98	0
346	10	0
346	33	0
347	4	1
347	12	0
347	95	1
347	6	1
347	96	1
347	9	1
347	97	1
347	98	1
347	10	1
347	33	0
348	4	1
348	12	1
348	95	1
348	6	1
348	96	1
348	9	1
348	97	1
348	98	1
348	10	1
348	33	1
349	4	1
349	12	0
349	95	1
349	6	1
349	96	1
349	9	0
349	97	1
349	98	1
349	10	1
349	33	1
350	4	1
350	12	1
350	95	1
350	6	1
350	96	1
350	9	1
350	97	1
350	98	1
350	10	1
350	33	1
351	4	0
351	12	1
351	95	0
351	6	1
351	96	1
351	9	1
351	97	1
351	98	1
351	10	1
351	33	1
352	4	0
352	12	0
352	95	0
352	6	1
352	96	0
352	9	1
352	97	0
352	98	0
352	10	1
352	33	0
353	4	0
353	12	0
353	95	1
353	6	1
353	96	1
353	9	1
353	97	0
353	98	1
353	10	1
353	33	1
354	4	0
354	12	0
354	95	0
354	6	0
354	96	0
354	9	1
354	97	0
354	98	0
354	10	1
354	33	0
355	4	0
355	12	0
355	95	1
355	6	1
355	96	0
355	9	1
355	97	1
355	98	0
355	10	1
355	33	0
356	4	0
356	12	0
356	95	0
356	6	1
356	96	0
356	9	1
356	97	0
356	98	0
356	10	1
356	33	0
357	4	1
357	12	1
357	95	1
357	6	1
357	96	1
357	9	1
357	97	1
357	98	1
357	10	1
357	33	1
358	4	0
358	12	0
358	95	0
358	6	0
358	96	0
358	9	1
358	97	0
358	98	0
358	10	1
358	33	0
359	4	0
359	12	0
359	95	0
359	6	0
359	96	0
359	9	0
359	97	0
359	98	0
359	10	1
359	33	0
360	4	1
360	12	1
360	95	1
360	6	1
360	96	1
360	9	1
360	97	1
360	98	1
360	10	1
360	33	1
361	4	0
361	12	0
361	95	0
361	6	0
361	96	0
361	9	1
361	97	0
361	98	0
361	10	1
361	33	0
362	4	0
362	12	0
362	95	0
362	6	0
362	96	0
362	9	1
362	97	0
362	98	0
362	10	1
362	33	0
363	4	0
363	12	0
363	95	0
363	6	1
363	96	0
363	9	1
363	97	0
363	98	0
363	10	1
363	33	0
364	99	1
364	100	1
364	6	0
364	101	0
364	15	1
364	9	1
364	2	1
364	10	0
364	8	0
364	7	1
365	99	1
365	100	1
365	6	0
365	101	1
365	15	1
365	9	0
365	2	1
365	10	0
365	8	0
365	7	1
366	99	1
366	100	1
366	6	1
366	101	1
366	15	1
366	9	1
366	2	1
366	10	0
366	8	0
366	7	1
367	99	1
367	100	1
367	6	1
367	101	1
367	15	0
367	9	1
367	2	1
367	10	1
367	8	1
367	7	1
368	99	1
368	100	1
368	6	1
368	101	1
368	15	1
368	9	0
368	2	1
368	10	1
368	8	1
368	7	1
369	99	0
369	100	0
369	6	0
369	101	0
369	15	0
369	9	1
369	2	0
369	10	0
369	8	1
369	7	0
370	99	1
370	100	1
370	6	0
370	101	1
370	15	1
370	9	1
370	2	1
370	10	1
370	8	1
370	7	0
371	99	1
371	100	0
371	6	0
371	101	0
371	15	0
371	9	1
371	2	0
371	10	0
371	8	1
371	7	1
372	99	0
372	100	0
372	6	1
372	101	0
372	15	0
372	9	1
372	2	0
372	10	0
372	8	1
372	7	0
373	99	0
373	100	0
373	6	0
373	101	0
373	15	1
373	9	1
373	2	0
373	10	0
373	8	1
373	7	0
374	99	1
374	100	0
374	6	1
374	101	0
374	15	0
374	9	1
374	2	0
374	10	1
374	8	1
374	7	1
375	99	0
375	100	0
375	6	1
375	101	0
375	15	0
375	9	0
375	2	0
375	10	1
375	8	0
375	7	0
376	99	1
376	100	1
376	6	1
376	101	1
376	15	0
376	9	1
376	2	1
376	10	1
376	8	1
376	7	1
377	99	1
377	100	1
377	6	0
377	101	1
377	15	1
377	9	1
377	2	0
377	10	1
377	8	0
377	7	1
378	99	1
378	100	1
378	6	1
378	101	1
378	15	1
378	9	0
378	2	1
378	10	0
378	8	1
378	7	1
379	99	1
379	100	1
379	6	1
379	101	1
379	15	1
379	9	1
379	2	0
379	10	0
379	8	1
379	7	1
380	99	0
380	100	0
380	6	1
380	101	0
380	15	0
380	9	1
380	2	0
380	10	1
380	8	0
380	7	0
381	99	1
381	100	0
381	6	1
381	101	0
381	15	1
381	9	1
381	2	0
381	10	1
381	8	1
381	7	1
382	99	0
382	100	0
382	6	0
382	101	0
382	15	0
382	9	1
382	2	0
382	10	0
382	8	1
382	7	0
383	99	0
383	100	0
383	6	0
383	101	0
383	15	0
383	9	1
383	2	0
383	10	1
383	8	1
383	7	0
384	102	0
384	6	0
384	37	0
384	9	1
384	103	0
384	104	0
384	22	0
384	10	0
384	105	0
384	106	1
385	102	0
385	6	0
385	37	0
385	9	1
385	103	0
385	104	0
385	22	0
385	10	0
385	105	0
385	106	0
386	102	1
386	6	1
386	37	0
386	9	1
386	103	0
386	104	0
386	22	0
386	10	0
386	105	0
386	106	1
387	102	0
387	6	1
387	37	0
387	9	1
387	103	0
387	104	0
387	22	0
387	10	1
387	105	0
387	106	1
388	102	0
388	6	0
388	37	0
388	9	0
388	103	0
388	104	0
388	22	0
388	10	0
388	105	0
388	106	0
389	102	1
389	6	1
389	37	1
389	9	1
389	103	0
389	104	1
389	22	0
389	10	1
389	105	1
389	106	1
390	102	0
390	6	1
390	37	0
390	9	1
390	103	0
390	104	0
390	22	0
390	10	0
390	105	0
390	106	0
391	102	1
391	6	0
391	37	1
391	9	1
391	103	0
391	104	0
391	22	1
391	10	1
391	105	1
391	106	0
392	102	1
392	6	1
392	37	0
392	9	1
392	103	0
392	104	0
392	22	0
392	10	1
392	105	0
392	106	1
393	102	1
393	6	1
393	37	1
393	9	1
393	103	1
393	104	1
393	22	1
393	10	0
393	105	1
393	106	0
394	102	0
394	6	1
394	37	0
394	9	1
394	103	0
394	104	0
394	22	0
394	10	0
394	105	0
394	106	0
395	102	0
395	6	0
395	37	0
395	9	1
395	103	0
395	104	0
395	22	0
395	10	1
395	105	0
395	106	0
396	102	0
396	6	1
396	37	0
396	9	0
396	103	0
396	104	0
396	22	0
396	10	1
396	105	0
396	106	0
397	102	0
397	6	0
397	37	0
397	9	1
397	103	0
397	104	0
397	22	0
397	10	0
397	105	0
397	106	0
398	102	1
398	6	1
398	37	1
398	9	0
398	103	1
398	104	1
398	22	1
398	10	0
398	105	1
398	106	1
399	102	0
399	6	1
399	37	0
399	9	1
399	103	0
399	104	0
399	22	0
399	10	1
399	105	0
399	106	0
400	102	0
400	6	0
400	37	0
400	9	1
400	103	0
400	104	0
400	22	0
400	10	0
400	105	0
400	106	0
401	102	0
401	6	0
401	37	0
401	9	1
401	103	0
401	104	0
401	22	0
401	10	1
401	105	0
401	106	0
402	102	1
402	6	1
402	37	1
402	9	1
402	103	0
402	104	1
402	22	1
402	10	1
402	105	1
402	106	1
403	102	0
403	6	0
403	37	0
403	9	0
403	103	0
403	104	1
403	22	0
403	10	1
403	105	0
403	106	0
404	107	0
404	4	0
404	6	0
404	101	0
404	2	0
404	9	1
404	10	1
404	8	1
404	108	0
404	109	0
405	107	0
405	4	0
405	6	0
405	101	0
405	2	1
405	9	1
405	10	1
405	8	1
405	108	0
405	109	0
406	107	0
406	4	0
406	6	0
406	101	0
406	2	0
406	9	0
406	10	1
406	8	1
406	108	0
406	109	0
407	9	0
407	55	0
407	56	0
407	57	0
407	21	0
407	58	0
407	59	0
407	8	1
407	10	0
407	60	0
408	9	1
408	55	1
408	56	1
408	57	1
408	21	1
408	58	1
408	59	0
408	8	1
408	10	0
408	60	1
409	9	0
409	55	1
409	56	1
409	57	1
409	21	1
409	58	0
409	59	1
409	8	1
409	10	1
409	60	1
410	9	1
410	55	0
410	56	0
410	57	0
410	21	0
410	58	0
410	59	0
410	8	1
410	10	0
410	60	0
411	9	1
411	55	1
411	56	1
411	57	1
411	21	0
411	58	1
411	59	1
411	8	0
411	10	1
411	60	1
412	9	1
412	55	1
412	56	1
412	57	0
412	21	1
412	58	1
412	59	1
412	8	1
412	10	0
412	60	1
413	9	1
413	55	0
413	56	1
413	57	1
413	21	1
413	58	1
413	59	1
413	8	0
413	10	1
413	60	1
414	9	1
414	55	0
414	56	0
414	57	0
414	21	0
414	58	0
414	59	0
414	8	1
414	10	0
414	60	0
415	9	1
415	55	1
415	56	1
415	57	0
415	21	1
415	58	0
415	59	0
415	8	1
415	10	1
415	60	0
416	9	1
416	55	1
416	56	1
416	57	0
416	21	1
416	58	0
416	59	1
416	8	1
416	10	1
416	60	1
417	9	1
417	55	1
417	56	1
417	57	1
417	21	1
417	58	1
417	59	1
417	8	1
417	10	1
417	60	1
418	9	1
418	55	1
418	56	1
418	57	1
418	21	1
418	58	1
418	59	1
418	8	1
418	10	1
418	60	1
419	9	1
419	55	0
419	56	1
419	57	0
419	21	0
419	58	0
419	59	0
419	8	1
419	10	1
419	60	0
420	9	1
420	55	1
420	56	1
420	57	1
420	21	1
420	58	1
420	59	1
420	8	0
420	10	0
420	60	1
421	9	1
421	55	0
421	56	0
421	57	0
421	21	1
421	58	0
421	59	1
421	8	0
421	10	1
421	60	0
422	9	1
422	55	0
422	56	1
422	57	0
422	21	1
422	58	0
422	59	0
422	8	1
422	10	0
422	60	0
423	9	0
423	55	0
423	56	1
423	57	0
423	21	1
423	58	1
423	59	0
423	8	0
423	10	0
423	60	0
424	9	0
424	55	0
424	56	0
424	57	0
424	21	0
424	58	0
424	59	0
424	8	1
424	10	1
424	60	0
425	9	1
425	55	1
425	56	1
425	57	1
425	21	1
425	58	1
425	59	1
425	8	1
425	10	0
425	60	1
426	4	0
426	110	0
426	6	1
426	42	0
426	9	1
426	111	0
426	112	0
426	10	1
426	8	0
426	107	0
427	4	0
427	110	0
427	6	0
427	42	0
427	9	1
427	111	0
427	112	0
427	10	1
427	8	0
427	107	0
428	4	0
428	110	0
428	6	0
428	42	0
428	9	1
428	111	0
428	112	1
428	10	1
428	8	0
428	107	0
429	4	0
429	110	0
429	6	0
429	42	0
429	9	1
429	111	0
429	112	0
429	10	1
429	8	0
429	107	0
430	4	1
430	110	1
430	6	1
430	42	0
430	9	1
430	111	1
430	112	1
430	10	1
430	8	0
430	107	1
431	4	0
431	110	0
431	6	1
431	42	0
431	9	0
431	111	0
431	112	0
431	10	1
431	8	1
431	107	0
432	4	1
432	110	1
432	6	1
432	42	1
432	9	1
432	111	1
432	112	1
432	10	1
432	8	1
432	107	1
433	4	0
433	110	0
433	6	0
433	42	0
433	9	1
433	111	0
433	112	0
433	10	1
433	8	1
433	107	0
434	4	0
434	110	0
434	6	0
434	42	0
434	9	1
434	111	0
434	112	0
434	10	1
434	8	1
434	107	0
435	4	1
435	110	0
435	6	1
435	42	1
435	9	1
435	111	0
435	112	1
435	10	0
435	8	1
435	107	0
436	4	0
436	110	0
436	6	0
436	42	0
436	9	1
436	111	0
436	112	0
436	10	1
436	8	1
436	107	0
437	4	0
437	110	0
437	6	1
437	42	0
437	9	1
437	111	0
437	112	0
437	10	1
437	8	1
437	107	0
438	4	0
438	110	0
438	6	0
438	42	0
438	9	1
438	111	0
438	112	0
438	10	1
438	8	1
438	107	0
439	4	0
439	110	0
439	6	0
439	42	0
439	9	1
439	111	0
439	112	0
439	10	1
439	8	1
439	107	0
440	4	0
440	110	0
440	6	1
440	42	0
440	9	1
440	111	0
440	112	0
440	10	0
440	8	1
440	107	0
441	4	0
441	110	0
441	6	1
441	42	0
441	9	1
441	111	0
441	112	0
441	10	1
441	8	1
441	107	0
442	4	0
442	110	0
442	6	1
442	42	0
442	9	1
442	111	0
442	112	0
442	10	1
442	8	1
442	107	0
443	4	0
443	110	0
443	6	1
443	42	0
443	9	0
443	111	0
443	112	0
443	10	1
443	8	0
443	107	0
444	4	0
444	110	0
444	6	0
444	42	0
444	9	0
444	111	0
444	112	0
444	10	0
444	8	0
444	107	0
445	4	0
445	110	0
445	6	1
445	42	0
445	9	1
445	111	0
445	112	1
445	10	1
445	8	1
445	107	0
446	113	0
446	114	1
446	115	1
446	116	1
446	2	0
446	18	0
446	6	1
446	24	1
446	117	1
446	9	0
447	113	1
447	114	1
447	115	1
447	116	1
447	2	1
447	18	1
447	6	0
447	24	0
447	117	1
447	9	1
448	113	0
448	114	0
448	115	0
448	116	0
448	2	0
448	18	0
448	6	0
448	24	0
448	117	0
448	9	0
449	113	0
449	114	0
449	115	0
449	116	0
449	2	0
449	18	1
449	6	1
449	24	0
449	117	0
449	9	1
450	113	0
450	114	0
450	115	0
450	116	0
450	2	0
450	18	1
450	6	1
450	24	0
450	117	0
450	9	0
451	113	1
451	114	1
451	115	1
451	116	1
451	2	1
451	18	1
451	6	1
451	24	1
451	117	1
451	9	1
452	113	0
452	114	0
452	115	0
452	116	0
452	2	0
452	18	1
452	6	0
452	24	0
452	117	0
452	9	0
453	113	1
453	114	1
453	115	1
453	116	1
453	2	1
453	18	1
453	6	0
453	24	1
453	117	1
453	9	1
454	113	1
454	114	1
454	115	1
454	116	1
454	2	1
454	18	1
454	6	1
454	24	1
454	117	1
454	9	1
455	113	0
455	114	0
455	115	0
455	116	0
455	2	0
455	18	1
455	6	0
455	24	0
455	117	0
455	9	1
456	113	1
456	114	1
456	115	1
456	116	1
456	2	1
456	18	1
456	6	0
456	24	0
456	117	1
456	9	1
457	113	0
457	114	0
457	115	0
457	116	0
457	2	0
457	18	1
457	6	1
457	24	0
457	117	0
457	9	1
458	113	0
458	114	0
458	115	0
458	116	0
458	2	0
458	18	1
458	6	1
458	24	0
458	117	0
458	9	1
459	113	0
459	114	0
459	115	0
459	116	0
459	2	0
459	18	1
459	6	1
459	24	0
459	117	0
459	9	0
460	113	1
460	114	1
460	115	1
460	116	1
460	2	1
460	18	1
460	6	1
460	24	1
460	117	1
460	9	1
461	113	0
461	114	0
461	115	0
461	116	0
461	2	0
461	18	0
461	6	0
461	24	0
461	117	0
461	9	1
462	113	1
462	114	1
462	115	1
462	116	1
462	2	1
462	18	1
462	6	1
462	24	1
462	117	1
462	9	1
463	113	1
463	114	1
463	115	1
463	116	1
463	2	1
463	18	1
463	6	1
463	24	1
463	117	1
463	9	1
464	113	0
464	114	1
464	115	1
464	116	1
464	2	0
464	18	1
464	6	0
464	24	1
464	117	1
464	9	1
465	113	0
465	114	1
465	115	1
465	116	1
465	2	1
465	18	1
465	6	1
465	24	1
465	117	0
465	9	1
466	118	0
466	4	0
466	2	0
466	6	1
466	119	0
466	15	0
466	9	1
466	10	1
466	120	0
466	8	1
467	118	0
467	4	0
467	2	0
467	6	1
467	119	0
467	15	0
467	9	1
467	10	1
467	120	0
467	8	1
468	118	1
468	4	1
468	2	1
468	6	0
468	119	1
468	15	1
468	9	1
468	10	1
468	120	1
468	8	1
469	118	1
469	4	1
469	2	1
469	6	1
469	119	1
469	15	1
469	9	1
469	10	1
469	120	1
469	8	1
470	118	1
470	4	1
470	2	1
470	6	1
470	119	1
470	15	1
470	9	0
470	10	1
470	120	1
470	8	1
471	118	0
471	4	0
471	2	0
471	6	1
471	119	0
471	15	0
471	9	1
471	10	1
471	120	0
471	8	1
472	118	0
472	4	0
472	2	1
472	6	0
472	119	1
472	15	1
472	9	1
472	10	1
472	120	1
472	8	0
473	118	0
473	4	0
473	2	0
473	6	0
473	119	0
473	15	0
473	9	1
473	10	1
473	120	0
473	8	1
474	118	1
474	4	1
474	2	1
474	6	1
474	119	1
474	15	1
474	9	0
474	10	0
474	120	1
474	8	0
475	118	0
475	4	0
475	2	0
475	6	1
475	119	0
475	15	0
475	9	1
475	10	1
475	120	0
475	8	1
476	118	1
476	4	1
476	2	1
476	6	1
476	119	1
476	15	1
476	9	0
476	10	1
476	120	1
476	8	1
477	118	0
477	4	0
477	2	0
477	6	0
477	119	0
477	15	0
477	9	1
477	10	1
477	120	0
477	8	1
478	118	0
478	4	0
478	2	0
478	6	1
478	119	0
478	15	0
478	9	0
478	10	1
478	120	0
478	8	1
479	118	1
479	4	1
479	2	1
479	6	0
479	119	1
479	15	1
479	9	1
479	10	1
479	120	1
479	8	0
480	118	1
480	4	1
480	2	1
480	6	1
480	119	1
480	15	1
480	9	1
480	10	1
480	120	1
480	8	0
481	118	1
481	4	1
481	2	1
481	6	0
481	119	1
481	15	1
481	9	1
481	10	1
481	120	0
481	8	0
482	118	0
482	4	0
482	2	0
482	6	1
482	119	0
482	15	0
482	9	1
482	10	1
482	120	0
482	8	1
483	118	1
483	4	1
483	2	1
483	6	1
483	119	1
483	15	0
483	9	1
483	10	1
483	120	1
483	8	0
484	118	0
484	4	0
484	2	1
484	6	1
484	119	0
484	15	0
484	9	1
484	10	0
484	120	0
484	8	0
485	118	0
485	4	0
485	2	1
485	6	1
485	119	0
485	15	0
485	9	1
485	10	1
485	120	0
485	8	1
486	4	1
486	121	1
486	122	1
486	123	1
486	16	0
486	9	1
486	47	1
486	124	1
486	10	1
486	125	1
487	6	1
487	15	0
487	101	0
487	9	1
487	126	0
487	10	1
487	8	1
487	127	0
487	128	0
487	2	0
488	6	1
488	15	0
488	101	0
488	9	1
488	126	0
488	10	1
488	8	0
488	127	0
488	128	0
488	2	0
489	6	1
489	15	1
489	101	1
489	9	1
489	126	1
489	10	0
489	8	0
489	127	1
489	128	1
489	2	1
490	6	1
490	15	0
490	101	0
490	9	0
490	126	0
490	10	1
490	8	1
490	127	0
490	128	0
490	2	1
491	6	0
491	15	1
491	101	1
491	9	1
491	126	1
491	10	1
491	8	1
491	127	1
491	128	1
491	2	1
492	6	1
492	15	1
492	101	1
492	9	1
492	126	1
492	10	1
492	8	1
492	127	1
492	128	1
492	2	0
493	6	1
493	15	0
493	101	0
493	9	1
493	126	0
493	10	0
493	8	0
493	127	0
493	128	0
493	2	0
494	6	1
494	15	1
494	101	0
494	9	0
494	126	1
494	10	1
494	8	1
494	127	1
494	128	1
494	2	1
495	6	1
495	15	1
495	101	1
495	9	0
495	126	0
495	10	0
495	8	0
495	127	0
495	128	1
495	2	1
496	6	0
496	15	1
496	101	1
496	9	1
496	126	1
496	10	0
496	8	1
496	127	1
496	128	1
496	2	1
497	6	1
497	15	0
497	101	0
497	9	0
497	126	0
497	10	0
497	8	1
497	127	0
497	128	0
497	2	0
498	6	1
498	15	1
498	101	1
498	9	1
498	126	1
498	10	1
498	8	1
498	127	1
498	128	1
498	2	1
499	6	0
499	15	0
499	101	0
499	9	0
499	126	0
499	10	0
499	8	0
499	127	0
499	128	0
499	2	0
500	6	1
500	15	0
500	101	0
500	9	0
500	126	0
500	10	1
500	8	1
500	127	0
500	128	0
500	2	0
501	6	1
501	15	0
501	101	0
501	9	1
501	126	0
501	10	1
501	8	1
501	127	0
501	128	0
501	2	0
502	6	1
502	15	0
502	101	0
502	9	1
502	126	0
502	10	1
502	8	1
502	127	0
502	128	1
502	2	0
503	6	1
503	15	0
503	101	0
503	9	1
503	126	0
503	10	0
503	8	1
503	127	0
503	128	0
503	2	0
504	6	1
504	15	1
504	101	1
504	9	0
504	126	1
504	10	0
504	8	1
504	127	1
504	128	1
504	2	1
505	12	0
505	129	0
505	6	1
505	130	0
505	131	0
505	132	0
505	9	1
505	10	1
505	8	1
505	41	0
506	12	0
506	129	0
506	6	1
506	130	0
506	131	0
506	132	0
506	9	0
506	10	1
506	8	0
506	41	0
507	12	0
507	129	0
507	6	1
507	130	0
507	131	0
507	132	0
507	9	1
507	10	1
507	8	1
507	41	0
508	12	0
508	129	0
508	6	0
508	130	0
508	131	0
508	132	0
508	9	1
508	10	1
508	8	0
508	41	0
509	12	0
509	129	0
509	6	0
509	130	0
509	131	0
509	132	0
509	9	1
509	10	0
509	8	0
509	41	0
510	12	0
510	129	0
510	6	0
510	130	0
510	131	0
510	132	0
510	9	1
510	10	0
510	8	1
510	41	0
511	12	0
511	129	0
511	6	1
511	130	0
511	131	0
511	132	0
511	9	1
511	10	1
511	8	0
511	41	0
512	12	1
512	129	1
512	6	1
512	130	1
512	131	1
512	132	1
512	9	1
512	10	1
512	8	0
512	41	1
513	12	0
513	129	0
513	6	1
513	130	0
513	131	0
513	132	0
513	9	1
513	10	1
513	8	1
513	41	0
514	12	0
514	129	0
514	6	1
514	130	0
514	131	0
514	132	0
514	9	1
514	10	1
514	8	1
514	41	0
515	12	1
515	129	1
515	6	1
515	130	1
515	131	1
515	132	1
515	9	1
515	10	1
515	8	1
515	41	1
516	12	0
516	129	0
516	6	1
516	130	1
516	131	0
516	132	0
516	9	1
516	10	1
516	8	1
516	41	0
517	12	0
517	129	1
517	6	0
517	130	1
517	131	0
517	132	0
517	9	1
517	10	1
517	8	1
517	41	1
518	12	0
518	129	0
518	6	1
518	130	0
518	131	0
518	132	0
518	9	1
518	10	1
518	8	1
518	41	0
519	12	1
519	129	1
519	6	1
519	130	1
519	131	1
519	132	1
519	9	1
519	10	1
519	8	1
519	41	1
520	12	0
520	129	1
520	6	1
520	130	0
520	131	0
520	132	0
520	9	1
520	10	1
520	8	1
520	41	0
521	12	0
521	129	0
521	6	1
521	130	0
521	131	0
521	132	0
521	9	1
521	10	1
521	8	1
521	41	0
522	12	0
522	129	1
522	6	1
522	130	0
522	131	0
522	132	0
522	9	1
522	10	0
522	8	0
522	41	0
523	12	1
523	129	1
523	6	1
523	130	1
523	131	1
523	132	1
523	9	0
523	10	0
523	8	0
523	41	1
524	12	0
524	129	0
524	6	1
524	130	0
524	131	0
524	132	0
524	9	1
524	10	1
524	8	1
524	41	0
525	1	1
525	4	1
525	133	1
525	100	0
525	6	1
525	8	1
525	9	1
525	134	0
525	2	1
525	10	1
526	1	1
526	4	1
526	133	1
526	100	1
526	6	1
526	8	1
526	9	1
526	134	0
526	2	0
526	10	1
527	1	0
527	4	0
527	133	0
527	100	0
527	6	0
527	8	1
527	9	1
527	134	0
527	2	0
527	10	1
528	1	1
528	4	1
528	133	1
528	100	1
528	6	1
528	8	1
528	9	1
528	134	1
528	2	0
528	10	1
529	1	1
529	4	1
529	133	1
529	100	1
529	6	1
529	8	1
529	9	1
529	134	1
529	2	1
529	10	1
530	1	0
530	4	0
530	133	0
530	100	0
530	6	0
530	8	1
530	9	1
530	134	0
530	2	0
530	10	1
531	1	1
531	4	0
531	133	0
531	100	0
531	6	0
531	8	1
531	9	1
531	134	0
531	2	0
531	10	1
532	1	0
532	4	0
532	133	0
532	100	0
532	6	0
532	8	1
532	9	1
532	134	0
532	2	0
532	10	1
533	1	1
533	4	1
533	133	1
533	100	0
533	6	1
533	8	1
533	9	1
533	134	0
533	2	1
533	10	1
534	1	1
534	4	0
534	133	1
534	100	1
534	6	1
534	8	1
534	9	0
534	134	1
534	2	1
534	10	1
535	1	1
535	4	1
535	133	1
535	100	0
535	6	1
535	8	1
535	9	1
535	134	1
535	2	1
535	10	0
536	1	0
536	4	0
536	133	0
536	100	0
536	6	1
536	8	1
536	9	1
536	134	0
536	2	0
536	10	0
537	1	0
537	4	0
537	133	0
537	100	0
537	6	0
537	8	1
537	9	1
537	134	0
537	2	0
537	10	0
538	1	1
538	4	1
538	133	0
538	100	0
538	6	0
538	8	0
538	9	1
538	134	0
538	2	0
538	10	1
539	1	0
539	4	1
539	133	1
539	100	1
539	6	0
539	8	1
539	9	0
539	134	1
539	2	1
539	10	1
540	1	0
540	4	0
540	133	0
540	100	0
540	6	1
540	8	1
540	9	0
540	134	0
540	2	0
540	10	1
541	1	1
541	4	1
541	133	1
541	100	0
541	6	1
541	8	1
541	9	1
541	134	1
541	2	1
541	10	1
542	1	1
542	4	1
542	133	1
542	100	1
542	6	0
542	8	1
542	9	1
542	134	1
542	2	1
542	10	1
543	1	1
543	4	1
543	133	1
543	100	1
543	6	1
543	8	1
543	9	0
543	134	1
543	2	1
543	10	0
544	1	1
544	4	1
544	133	1
544	100	1
544	6	0
544	8	1
544	9	0
544	134	0
544	2	1
544	10	1
545	135	1
545	6	1
545	47	1
545	56	1
545	9	1
545	136	1
545	22	1
545	10	1
545	137	1
545	138	0
546	135	1
546	6	0
546	47	1
546	56	0
546	9	1
546	136	1
546	22	1
546	10	0
546	137	0
546	138	1
547	135	0
547	6	1
547	47	0
547	56	1
547	9	1
547	136	0
547	22	0
547	10	1
547	137	0
547	138	0
548	135	1
548	6	1
548	47	0
548	56	1
548	9	1
548	136	1
548	22	1
548	10	1
548	137	1
548	138	1
549	135	0
549	6	0
549	47	0
549	56	0
549	9	1
549	136	0
549	22	0
549	10	0
549	137	0
549	138	0
550	135	0
550	6	0
550	47	0
550	56	0
550	9	0
550	136	0
550	22	0
550	10	0
550	137	0
550	138	0
551	135	0
551	6	1
551	47	1
551	56	1
551	9	1
551	136	1
551	22	1
551	10	1
551	137	1
551	138	1
552	135	0
552	6	0
552	47	0
552	56	0
552	9	1
552	136	0
552	22	0
552	10	1
552	137	0
552	138	0
553	135	0
553	6	0
553	47	0
553	56	0
553	9	1
553	136	1
553	22	1
553	10	1
553	137	0
553	138	1
554	135	0
554	6	0
554	47	0
554	56	0
554	9	1
554	136	0
554	22	0
554	10	0
554	137	0
554	138	0
555	135	1
555	6	0
555	47	1
555	56	1
555	9	1
555	136	1
555	22	1
555	10	1
555	137	0
555	138	0
556	135	0
556	6	0
556	47	0
556	56	0
556	9	1
556	136	0
556	22	0
556	10	1
556	137	0
556	138	0
557	135	1
557	6	0
557	47	0
557	56	1
557	9	1
557	136	1
557	22	1
557	10	0
557	137	1
557	138	1
558	135	0
558	6	0
558	47	0
558	56	0
558	9	1
558	136	0
558	22	0
558	10	1
558	137	0
558	138	0
559	135	1
559	6	1
559	47	0
559	56	1
559	9	1
559	136	1
559	22	1
559	10	1
559	137	1
559	138	1
560	135	1
560	6	1
560	47	1
560	56	1
560	9	1
560	136	1
560	22	1
560	10	1
560	137	1
560	138	1
561	135	1
561	6	1
561	47	0
561	56	1
561	9	0
561	136	1
561	22	1
561	10	0
561	137	1
561	138	1
562	135	0
562	6	1
562	47	0
562	56	0
562	9	1
562	136	0
562	22	0
562	10	1
562	137	0
562	138	0
563	135	1
563	6	1
563	47	1
563	56	1
563	9	1
563	136	1
563	22	1
563	10	1
563	137	1
563	138	1
564	135	0
564	6	0
564	47	0
564	56	1
564	9	0
564	136	0
564	22	0
564	10	0
564	137	0
564	138	0
565	61	0
565	4	0
565	62	0
565	54	0
565	63	0
565	64	0
565	9	0
565	65	0
565	10	1
565	8	1
566	61	1
566	4	1
566	62	0
566	54	1
566	63	1
566	64	1
566	9	1
566	65	0
566	10	1
566	8	1
567	61	0
567	4	1
567	62	0
567	54	1
567	63	1
567	64	1
567	9	1
567	65	0
567	10	1
567	8	1
568	61	0
568	4	0
568	62	0
568	54	0
568	63	0
568	64	0
568	9	1
568	65	0
568	10	1
568	8	1
569	61	1
569	4	0
569	62	0
569	54	0
569	63	0
569	64	0
569	9	1
569	65	0
569	10	1
569	8	1
570	61	1
570	4	1
570	62	1
570	54	1
570	63	0
570	64	1
570	9	1
570	65	0
570	10	1
570	8	1
571	61	0
571	4	0
571	62	0
571	54	0
571	63	0
571	64	0
571	9	1
571	65	0
571	10	1
571	8	1
572	61	1
572	4	0
572	62	0
572	54	0
572	63	0
572	64	0
572	9	1
572	65	0
572	10	1
572	8	1
573	61	1
573	4	1
573	62	1
573	54	1
573	63	1
573	64	1
573	9	1
573	65	1
573	10	0
573	8	0
574	61	1
574	4	1
574	62	1
574	54	1
574	63	1
574	64	1
574	9	1
574	65	0
574	10	1
574	8	0
575	61	1
575	4	1
575	62	0
575	54	0
575	63	1
575	64	0
575	9	0
575	65	0
575	10	1
575	8	0
576	61	0
576	4	1
576	62	1
576	54	1
576	63	0
576	64	1
576	9	1
576	65	0
576	10	0
576	8	1
577	61	0
577	4	1
577	62	1
577	54	1
577	63	0
577	64	1
577	9	1
577	65	0
577	10	1
577	8	0
578	61	0
578	4	0
578	62	0
578	54	0
578	63	0
578	64	0
578	9	0
578	65	0
578	10	1
578	8	1
579	61	0
579	4	0
579	62	0
579	54	0
579	63	0
579	64	0
579	9	0
579	65	0
579	10	1
579	8	0
580	61	0
580	4	0
580	62	0
580	54	0
580	63	0
580	64	0
580	9	0
580	65	0
580	10	1
580	8	0
581	61	0
581	4	0
581	62	0
581	54	1
581	63	0
581	64	1
581	9	1
581	65	0
581	10	1
581	8	0
582	107	1
582	4	1
582	6	0
582	101	0
582	2	1
582	9	0
582	10	0
582	8	1
582	108	1
582	109	1
583	107	0
583	4	0
583	6	0
583	101	0
583	2	0
583	9	1
583	10	1
583	8	1
583	108	0
583	109	0
584	107	0
584	4	0
584	6	0
584	101	0
584	2	0
584	9	1
584	10	1
584	8	0
584	108	0
584	109	0
585	107	0
585	4	0
585	6	0
585	101	0
585	2	1
585	9	0
585	10	1
585	8	1
585	108	0
585	109	0
586	107	1
586	4	1
586	6	1
586	101	1
586	2	1
586	9	0
586	10	1
586	8	1
586	108	1
586	109	1
587	107	0
587	4	0
587	6	0
587	101	0
587	2	0
587	9	1
587	10	1
587	8	0
587	108	0
587	109	0
588	107	1
588	4	1
588	6	0
588	101	0
588	2	1
588	9	0
588	10	0
588	8	1
588	108	1
588	109	1
589	107	0
589	4	0
589	6	0
589	101	0
589	2	0
589	9	1
589	10	1
589	8	0
589	108	0
589	109	0
590	107	1
590	4	1
590	6	1
590	101	1
590	2	1
590	9	1
590	10	1
590	8	1
590	108	1
590	109	1
591	107	0
591	4	1
591	6	0
591	101	1
591	2	1
591	9	1
591	10	1
591	8	1
591	108	1
591	109	0
592	107	1
592	4	1
592	6	0
592	101	1
592	2	1
592	9	1
592	10	1
592	8	1
592	108	1
592	109	1
593	107	0
593	4	1
593	6	0
593	101	0
593	2	1
593	9	1
593	10	0
593	8	1
593	108	0
593	109	0
594	107	0
594	4	1
594	6	0
594	101	1
594	2	0
594	9	1
594	10	1
594	8	1
594	108	1
594	109	0
595	107	0
595	4	0
595	6	0
595	101	0
595	2	0
595	9	1
595	10	1
595	8	1
595	108	0
595	109	0
596	107	1
596	4	1
596	6	1
596	101	0
596	2	1
596	9	1
596	10	0
596	8	0
596	108	0
596	109	1
597	107	1
597	4	1
597	6	0
597	101	1
597	2	1
597	9	0
597	10	1
597	8	1
597	108	0
597	109	0
598	107	0
598	4	0
598	6	0
598	101	0
598	2	0
598	9	1
598	10	1
598	8	1
598	108	0
598	109	0
599	124	1
599	100	1
599	6	0
599	9	0
599	139	1
599	140	1
599	10	1
599	8	0
599	141	1
599	14	0
600	124	1
600	100	0
600	6	1
600	9	1
600	139	1
600	140	1
600	10	1
600	8	1
600	141	1
600	14	1
601	124	1
601	100	1
601	6	1
601	9	0
601	139	1
601	140	0
601	10	1
601	8	1
601	141	0
601	14	0
602	124	0
602	100	1
602	6	1
602	9	1
602	139	1
602	140	1
602	10	1
602	8	1
602	141	1
602	14	1
603	124	0
603	100	0
603	6	1
603	9	0
603	139	0
603	140	0
603	10	0
603	8	1
603	141	0
603	14	0
604	124	0
604	100	0
604	6	0
604	9	1
604	139	1
604	140	1
604	10	1
604	8	0
604	141	0
604	14	0
605	124	0
605	100	0
605	6	0
605	9	1
605	139	0
605	140	0
605	10	1
605	8	0
605	141	0
605	14	1
606	124	1
606	100	1
606	6	0
606	9	1
606	139	1
606	140	1
606	10	1
606	8	1
606	141	0
606	14	0
607	124	0
607	100	0
607	6	1
607	9	1
607	139	0
607	140	0
607	10	1
607	8	0
607	141	0
607	14	1
608	124	1
608	100	1
608	6	0
608	9	1
608	139	1
608	140	0
608	10	0
608	8	1
608	141	1
608	14	0
609	124	1
609	100	1
609	6	1
609	9	0
609	139	0
609	140	1
609	10	1
609	8	0
609	141	1
609	14	1
610	124	1
610	100	1
610	6	0
610	9	1
610	139	1
610	140	1
610	10	1
610	8	1
610	141	1
610	14	1
611	124	1
611	100	0
611	6	1
611	9	1
611	139	1
611	140	0
611	10	1
611	8	1
611	141	1
611	14	1
612	124	1
612	100	0
612	6	0
612	9	1
612	139	0
612	140	0
612	10	0
612	8	0
612	141	0
612	14	0
613	6	1
613	122	0
613	142	0
613	2	0
613	9	1
613	56	0
613	10	1
613	8	1
613	143	0
613	144	0
614	6	1
614	122	0
614	142	0
614	2	0
614	9	1
614	56	0
614	10	1
614	8	1
614	143	0
614	144	1
615	6	1
615	122	0
615	142	0
615	2	0
615	9	1
615	56	0
615	10	1
615	8	1
615	143	0
615	144	0
616	6	1
616	122	1
616	142	1
616	2	1
616	9	0
616	56	0
616	10	1
616	8	1
616	143	1
616	144	1
617	6	1
617	122	1
617	142	1
617	2	1
617	9	1
617	56	1
617	10	1
617	8	0
617	143	1
617	144	1
618	6	0
618	122	1
618	142	1
618	2	0
618	9	0
618	56	1
618	10	1
618	8	1
618	143	0
618	144	0
619	6	1
619	122	1
619	142	0
619	2	0
619	9	1
619	56	1
619	10	0
619	8	1
619	143	1
619	144	0
620	6	0
620	122	0
620	142	0
620	2	0
620	9	1
620	56	0
620	10	1
620	8	0
620	143	0
620	144	0
621	6	1
621	122	1
621	142	1
621	2	1
621	9	1
621	56	1
621	10	1
621	8	0
621	143	1
621	144	1
622	6	1
622	122	1
622	142	0
622	2	0
622	9	1
622	56	0
622	10	0
622	8	1
622	143	0
622	144	1
623	6	0
623	122	0
623	142	0
623	2	0
623	9	0
623	56	0
623	10	1
623	8	1
623	143	0
623	144	0
624	6	1
624	122	1
624	142	1
624	2	1
624	9	0
624	56	1
624	10	1
624	8	1
624	143	0
624	144	1
625	145	0
625	146	0
625	6	0
625	147	0
625	148	0
625	9	0
625	10	1
625	8	1
625	149	0
625	128	0
626	145	1
626	146	1
626	6	1
626	147	1
626	148	0
626	9	1
626	10	0
626	8	1
626	149	1
626	128	1
627	145	1
627	146	1
627	6	1
627	147	1
627	148	1
627	9	1
627	10	1
627	8	1
627	149	1
627	128	1
628	145	0
628	146	0
628	6	1
628	147	1
628	148	0
628	9	1
628	10	1
628	8	1
628	149	0
628	128	1
629	145	1
629	146	1
629	6	1
629	147	1
629	148	1
629	9	1
629	10	0
629	8	1
629	149	0
629	128	0
630	145	0
630	146	0
630	6	1
630	147	0
630	148	1
630	9	1
630	10	1
630	8	1
630	149	0
630	128	1
631	145	1
631	146	1
631	6	0
631	147	1
631	148	0
631	9	1
631	10	1
631	8	1
631	149	1
631	128	1
632	145	1
632	146	1
632	6	0
632	147	1
632	148	0
632	9	1
632	10	1
632	8	0
632	149	1
632	128	1
633	145	1
633	146	1
633	6	1
633	147	1
633	148	0
633	9	1
633	10	0
633	8	0
633	149	0
633	128	1
634	145	0
634	146	0
634	6	1
634	147	0
634	148	1
634	9	1
634	10	1
634	8	1
634	149	0
634	128	0
635	145	0
635	146	0
635	6	1
635	147	0
635	148	0
635	9	0
635	10	1
635	8	0
635	149	0
635	128	0
636	145	0
636	146	0
636	6	1
636	147	1
636	148	1
636	9	1
636	10	0
636	8	1
636	149	1
636	128	0
637	145	1
637	146	0
637	6	0
637	147	1
637	148	1
637	9	1
637	10	1
637	8	1
637	149	1
637	128	1
638	145	1
638	146	1
638	6	0
638	147	1
638	148	1
638	9	1
638	10	1
638	8	1
638	149	1
638	128	1
639	145	1
639	146	1
639	6	1
639	147	1
639	148	1
639	9	1
639	10	0
639	8	1
639	149	1
639	128	1
640	145	1
640	146	1
640	6	0
640	147	1
640	148	1
640	9	1
640	10	1
640	8	1
640	149	0
640	128	1
641	145	0
641	146	1
641	6	0
641	147	1
641	148	0
641	9	1
641	10	1
641	8	1
641	149	1
641	128	1
642	145	0
642	146	0
642	6	1
642	147	0
642	148	1
642	9	1
642	10	1
642	8	0
642	149	0
642	128	0
643	145	0
643	146	0
643	6	1
643	147	0
643	148	1
643	9	1
643	10	1
643	8	1
643	149	1
643	128	0
644	145	1
644	146	1
644	6	1
644	147	1
644	148	1
644	9	1
644	10	1
644	8	0
644	149	1
644	128	1
645	145	1
645	150	1
645	68	1
645	6	0
645	151	0
645	9	1
645	31	1
645	10	1
645	8	1
645	152	1
646	145	0
646	150	0
646	68	0
646	6	0
646	151	0
646	9	1
646	31	1
646	10	1
646	8	0
646	152	0
647	145	0
647	150	0
647	68	0
647	6	0
647	151	1
647	9	1
647	31	0
647	10	1
647	8	1
647	152	1
648	145	1
648	150	1
648	68	1
648	6	1
648	151	0
648	9	1
648	31	1
648	10	0
648	8	1
648	152	1
649	145	1
649	150	1
649	68	1
649	6	1
649	151	0
649	9	0
649	31	1
649	10	1
649	8	1
649	152	1
650	145	0
650	150	0
650	68	0
650	6	1
650	151	0
650	9	1
650	31	0
650	10	1
650	8	1
650	152	0
651	145	0
651	150	0
651	68	0
651	6	0
651	151	0
651	9	1
651	31	0
651	10	1
651	8	0
651	152	1
652	145	1
652	150	0
652	68	1
652	6	1
652	151	1
652	9	1
652	31	1
652	10	1
652	8	1
652	152	1
653	145	1
653	150	0
653	68	0
653	6	1
653	151	0
653	9	1
653	31	0
653	10	1
653	8	0
653	152	0
654	145	1
654	150	1
654	68	1
654	6	1
654	151	0
654	9	1
654	31	1
654	10	1
654	8	1
654	152	1
655	145	0
655	150	0
655	68	0
655	6	1
655	151	0
655	9	0
655	31	0
655	10	1
655	8	0
655	152	0
656	145	0
656	150	0
656	68	0
656	6	0
656	151	0
656	9	1
656	31	0
656	10	0
656	8	0
656	152	0
657	145	0
657	150	0
657	68	0
657	6	0
657	151	0
657	9	1
657	31	1
657	10	1
657	8	1
657	152	1
658	145	0
658	150	0
658	68	0
658	6	1
658	151	0
658	9	1
658	31	0
658	10	1
658	8	1
658	152	0
659	145	1
659	150	1
659	68	1
659	6	1
659	151	0
659	9	1
659	31	1
659	10	1
659	8	1
659	152	1
660	145	0
660	150	0
660	68	0
660	6	0
660	151	0
660	9	1
660	31	0
660	10	1
660	8	0
660	152	0
661	145	1
661	150	1
661	68	1
661	6	1
661	151	1
661	9	1
661	31	1
661	10	0
661	8	0
661	152	1
662	145	0
662	150	1
662	68	0
662	6	0
662	151	0
662	9	1
662	31	1
662	10	1
662	8	0
662	152	1
663	145	0
663	150	0
663	68	0
663	6	0
663	151	0
663	9	1
663	31	0
663	10	1
663	8	0
663	152	0
664	145	0
664	150	0
664	68	0
664	6	1
664	151	0
664	9	1
664	31	0
664	10	1
664	8	0
664	152	0
665	153	1
665	154	1
665	6	1
665	155	1
665	124	1
665	9	1
665	10	1
665	8	1
665	156	1
665	157	1
666	153	0
666	154	0
666	6	1
666	155	0
666	124	0
666	9	1
666	10	0
666	8	1
666	156	1
666	157	0
667	153	1
667	154	1
667	6	1
667	155	1
667	124	1
667	9	1
667	10	0
667	8	1
667	156	1
667	157	1
668	153	1
668	154	0
668	6	1
668	155	0
668	124	1
668	9	1
668	10	0
668	8	1
668	156	1
668	157	0
669	153	1
669	154	1
669	6	0
669	155	1
669	124	0
669	9	0
669	10	1
669	8	0
669	156	1
669	157	1
670	153	1
670	154	1
670	6	0
670	155	1
670	124	1
670	9	0
670	10	1
670	8	1
670	156	1
670	157	1
671	153	1
671	154	1
671	6	1
671	155	1
671	124	1
671	9	1
671	10	1
671	8	1
671	156	1
671	157	1
672	153	1
672	154	1
672	6	1
672	155	1
672	124	1
672	9	1
672	10	1
672	8	0
672	156	1
672	157	1
673	153	0
673	154	0
673	6	0
673	155	0
673	124	0
673	9	0
673	10	1
673	8	1
673	156	1
673	157	0
674	153	0
674	154	0
674	6	0
674	155	0
674	124	0
674	9	1
674	10	0
674	8	0
674	156	1
674	157	0
675	153	1
675	154	0
675	6	1
675	155	0
675	124	0
675	9	1
675	10	1
675	8	1
675	156	0
675	157	0
676	153	0
676	154	0
676	6	1
676	155	0
676	124	0
676	9	1
676	10	1
676	8	1
676	156	1
676	157	0
677	153	1
677	154	1
677	6	1
677	155	1
677	124	1
677	9	0
677	10	1
677	8	0
677	156	1
677	157	1
678	153	0
678	154	0
678	6	1
678	155	0
678	124	0
678	9	1
678	10	1
678	8	0
678	156	0
678	157	0
679	153	0
679	154	0
679	6	0
679	155	0
679	124	0
679	9	1
679	10	1
679	8	1
679	156	0
679	157	0
680	153	1
680	154	1
680	6	1
680	155	1
680	124	1
680	9	1
680	10	0
680	8	1
680	156	1
680	157	1
681	153	1
681	154	1
681	6	1
681	155	1
681	124	1
681	9	1
681	10	1
681	8	1
681	156	1
681	157	1
682	153	1
682	154	1
682	6	1
682	155	1
682	124	1
682	9	1
682	10	1
682	8	1
682	156	1
682	157	1
683	153	1
683	154	1
683	6	1
683	155	0
683	124	1
683	9	1
683	10	1
683	8	1
683	156	1
683	157	1
684	153	0
684	154	0
684	6	1
684	155	0
684	124	0
684	9	1
684	10	0
684	8	1
684	156	1
684	157	0
685	6	1
685	2	0
685	8	0
685	119	0
685	158	0
685	9	1
685	83	0
685	47	0
685	10	1
685	159	0
686	6	1
686	2	0
686	8	1
686	119	0
686	158	0
686	9	1
686	83	0
686	47	0
686	10	1
686	159	1
687	6	1
687	2	1
687	8	0
687	119	1
687	158	1
687	9	1
687	83	1
687	47	1
687	10	1
687	159	1
688	6	0
688	2	1
688	8	1
688	119	0
688	158	0
688	9	1
688	83	0
688	47	0
688	10	1
688	159	0
689	6	1
689	2	0
689	8	0
689	119	0
689	158	0
689	9	0
689	83	0
689	47	0
689	10	1
689	159	0
690	4	0
690	121	0
690	122	0
690	123	0
690	16	1
690	9	1
690	47	0
690	124	0
690	10	0
690	125	0
691	4	1
691	121	1
691	122	1
691	123	1
691	16	1
691	9	1
691	47	1
691	124	1
691	10	1
691	125	1
692	4	0
692	121	1
692	122	1
692	123	1
692	16	1
692	9	0
692	47	1
692	124	1
692	10	0
692	125	0
693	4	0
693	121	1
693	122	1
693	123	0
693	16	1
693	9	1
693	47	0
693	124	1
693	10	1
693	125	0
694	4	0
694	121	0
694	122	1
694	123	0
694	16	1
694	9	1
694	47	0
694	124	0
694	10	1
694	125	0
695	4	1
695	121	1
695	122	0
695	123	1
695	16	1
695	9	1
695	47	1
695	124	1
695	10	0
695	125	0
696	4	0
696	121	0
696	122	1
696	123	0
696	16	1
696	9	0
696	47	0
696	124	0
696	10	1
696	125	0
697	4	0
697	121	0
697	122	0
697	123	0
697	16	1
697	9	1
697	47	0
697	124	0
697	10	1
697	125	0
698	4	1
698	121	1
698	122	1
698	123	1
698	16	0
698	9	1
698	47	1
698	124	1
698	10	0
698	125	1
699	4	1
699	121	1
699	122	1
699	123	1
699	16	1
699	9	0
699	47	1
699	124	1
699	10	1
699	125	1
700	4	0
700	121	0
700	122	0
700	123	0
700	16	0
700	9	0
700	47	0
700	124	0
700	10	1
700	125	0
701	4	0
701	121	0
701	122	0
701	123	0
701	16	1
701	9	1
701	47	0
701	124	0
701	10	0
701	125	0
702	4	1
702	121	1
702	122	1
702	123	1
702	16	1
702	9	0
702	47	1
702	124	1
702	10	1
702	125	1
703	4	1
703	121	1
703	122	0
703	123	0
703	16	0
703	9	0
703	47	1
703	124	1
703	10	1
703	125	1
704	4	0
704	121	1
704	122	1
704	123	0
704	16	1
704	9	1
704	47	0
704	124	0
704	10	1
704	125	0
705	4	0
705	121	1
705	122	1
705	123	0
705	16	1
705	9	1
705	47	0
705	124	1
705	10	1
705	125	1
706	4	1
706	121	1
706	122	1
706	123	1
706	16	1
706	9	1
706	47	1
706	124	1
706	10	1
706	125	1
707	4	1
707	121	1
707	122	0
707	123	1
707	16	1
707	9	0
707	47	1
707	124	1
707	10	1
707	125	1
708	4	1
708	121	1
708	122	1
708	123	1
708	16	0
708	9	1
708	47	1
708	124	1
708	10	1
708	125	1
709	6	1
709	15	1
709	101	0
709	9	0
709	126	1
709	10	1
709	8	0
709	127	1
709	128	0
709	2	1
710	6	1
710	15	1
710	101	1
710	9	1
710	126	1
710	10	1
710	8	1
710	127	0
710	128	1
710	2	1
711	6	1
711	89	1
711	2	1
711	15	1
711	56	1
711	9	1
711	68	1
711	33	1
711	90	1
711	91	1
712	6	1
712	89	1
712	2	1
712	15	1
712	56	1
712	9	1
712	68	1
712	33	1
712	90	1
712	91	1
713	6	1
713	89	1
713	2	1
713	15	1
713	56	1
713	9	1
713	68	1
713	33	1
713	90	1
713	91	1
714	6	1
714	89	0
714	2	0
714	15	0
714	56	0
714	9	1
714	68	0
714	33	0
714	90	0
714	91	0
715	6	0
715	89	1
715	2	1
715	15	1
715	56	1
715	9	1
715	68	1
715	33	1
715	90	0
715	91	1
716	6	0
716	89	0
716	2	0
716	15	0
716	56	0
716	9	1
716	68	0
716	33	0
716	90	0
716	91	0
717	6	0
717	89	0
717	2	0
717	15	0
717	56	1
717	9	1
717	68	0
717	33	1
717	90	1
717	91	1
718	6	1
718	89	1
718	2	0
718	15	0
718	56	0
718	9	1
718	68	1
718	33	1
718	90	0
718	91	0
719	6	0
719	89	1
719	2	1
719	15	1
719	56	1
719	9	1
719	68	0
719	33	1
719	90	0
719	91	1
720	6	1
720	89	1
720	2	1
720	15	1
720	56	1
720	9	1
720	68	1
720	33	1
720	90	1
720	91	1
721	6	0
721	89	1
721	2	1
721	15	1
721	56	1
721	9	1
721	68	1
721	33	1
721	90	1
721	91	1
722	6	0
722	89	0
722	2	0
722	15	0
722	56	0
722	9	1
722	68	0
722	33	0
722	90	0
722	91	0
723	6	0
723	89	1
723	2	1
723	15	1
723	56	1
723	9	0
723	68	1
723	33	1
723	90	1
723	91	1
724	6	1
724	89	1
724	2	1
724	15	1
724	56	1
724	9	1
724	68	1
724	33	1
724	90	1
724	91	1
725	6	0
725	89	1
725	2	0
725	15	0
725	56	1
725	9	1
725	68	0
725	33	0
725	90	1
725	91	1
726	4	0
726	160	0
726	161	0
726	162	0
726	6	1
726	8	1
726	7	0
726	9	1
726	10	1
726	45	0
727	4	1
727	160	0
727	161	1
727	162	0
727	6	0
727	8	1
727	7	1
727	9	1
727	10	1
727	45	1
728	4	1
728	160	1
728	161	1
728	162	1
728	6	1
728	8	1
728	7	1
728	9	1
728	10	1
728	45	1
729	4	0
729	160	0
729	161	0
729	162	0
729	6	0
729	8	1
729	7	0
729	9	1
729	10	0
729	45	0
730	4	1
730	160	1
730	161	1
730	162	1
730	6	1
730	8	1
730	7	1
730	9	1
730	10	1
730	45	1
731	4	1
731	160	1
731	161	1
731	162	1
731	6	1
731	8	1
731	7	1
731	9	1
731	10	1
731	45	1
732	4	1
732	160	1
732	161	0
732	162	1
732	6	1
732	8	1
732	7	1
732	9	1
732	10	1
732	45	1
733	4	1
733	160	1
733	161	1
733	162	1
733	6	1
733	8	1
733	7	1
733	9	0
733	10	0
733	45	1
734	4	0
734	160	0
734	161	0
734	162	0
734	6	1
734	8	1
734	7	0
734	9	1
734	10	1
734	45	0
735	4	0
735	160	0
735	161	0
735	162	0
735	6	1
735	8	1
735	7	1
735	9	1
735	10	1
735	45	0
736	4	1
736	160	1
736	161	0
736	162	1
736	6	1
736	8	1
736	7	1
736	9	1
736	10	1
736	45	1
737	4	0
737	160	0
737	161	0
737	162	0
737	6	1
737	8	1
737	7	0
737	9	0
737	10	1
737	45	0
738	4	0
738	160	0
738	161	0
738	162	0
738	6	1
738	8	0
738	7	0
738	9	1
738	10	1
738	45	0
739	4	1
739	160	1
739	161	1
739	162	1
739	6	1
739	8	1
739	7	1
739	9	1
739	10	1
739	45	1
740	4	0
740	160	0
740	161	0
740	162	0
740	6	0
740	8	1
740	7	0
740	9	0
740	10	0
740	45	0
741	4	0
741	160	0
741	161	0
741	162	0
741	6	0
741	8	1
741	7	0
741	9	1
741	10	1
741	45	0
742	4	0
742	160	0
742	161	0
742	162	1
742	6	1
742	8	1
742	7	0
742	9	1
742	10	0
742	45	1
743	4	1
743	160	0
743	161	1
743	162	1
743	6	1
743	8	1
743	7	1
743	9	1
743	10	0
743	45	1
744	4	1
744	160	1
744	161	1
744	162	1
744	6	1
744	8	0
744	7	1
744	9	0
744	10	1
744	45	1
745	4	0
745	160	0
745	161	0
745	162	0
745	6	1
745	8	1
745	7	0
745	9	1
745	10	1
745	45	0
746	51	0
746	125	0
746	12	0
746	163	0
746	164	0
746	162	0
746	42	0
746	9	1
746	10	1
746	2	0
747	51	0
747	125	0
747	12	0
747	163	0
747	164	0
747	162	0
747	42	0
747	9	1
747	10	1
747	2	0
748	51	1
748	125	1
748	12	0
748	163	1
748	164	1
748	162	1
748	42	1
748	9	1
748	10	1
748	2	1
749	51	0
749	125	1
749	12	1
749	163	1
749	164	1
749	162	1
749	42	1
749	9	1
749	10	1
749	2	1
750	51	1
750	125	1
750	12	1
750	163	1
750	164	1
750	162	1
750	42	1
750	9	1
750	10	1
750	2	1
751	51	0
751	125	0
751	12	0
751	163	0
751	164	0
751	162	0
751	42	0
751	9	1
751	10	1
751	2	0
752	51	0
752	125	0
752	12	1
752	163	1
752	164	1
752	162	1
752	42	1
752	9	1
752	10	1
752	2	1
753	51	0
753	125	1
753	12	1
753	163	1
753	164	0
753	162	1
753	42	0
753	9	1
753	10	1
753	2	1
754	51	1
754	125	1
754	12	1
754	163	1
754	164	1
754	162	1
754	42	1
754	9	1
754	10	0
754	2	1
755	51	1
755	125	0
755	12	0
755	163	1
755	164	0
755	162	0
755	42	0
755	9	1
755	10	1
755	2	0
756	51	1
756	125	1
756	12	1
756	163	1
756	164	1
756	162	1
756	42	1
756	9	1
756	10	1
756	2	1
757	51	0
757	125	1
757	12	0
757	163	0
757	164	0
757	162	0
757	42	0
757	9	1
757	10	1
757	2	1
758	51	1
758	125	0
758	12	0
758	163	1
758	164	1
758	162	1
758	42	0
758	9	1
758	10	1
758	2	0
759	51	0
759	125	0
759	12	0
759	163	0
759	164	1
759	162	0
759	42	0
759	9	1
759	10	1
759	2	1
760	51	0
760	125	0
760	12	0
760	163	0
760	164	0
760	162	0
760	42	0
760	9	1
760	10	1
760	2	0
761	51	0
761	125	1
761	12	0
761	163	1
761	164	1
761	162	1
761	42	1
761	9	1
761	10	1
761	2	1
762	51	0
762	125	1
762	12	1
762	163	0
762	164	0
762	162	0
762	42	0
762	9	1
762	10	1
762	2	0
763	51	0
763	125	0
763	12	0
763	163	0
763	164	0
763	162	0
763	42	0
763	9	1
763	10	0
763	2	0
764	51	1
764	125	1
764	12	0
764	163	1
764	164	1
764	162	1
764	42	1
764	9	1
764	10	1
764	2	1
765	51	0
765	125	0
765	12	0
765	163	0
765	164	0
765	162	1
765	42	0
765	9	1
765	10	1
765	2	0
766	92	0
766	6	1
766	8	1
766	93	0
766	9	1
766	16	0
766	10	1
766	86	0
766	94	0
766	2	0
767	92	0
767	6	0
767	8	1
767	93	0
767	9	1
767	16	1
767	10	1
767	86	0
767	94	0
767	2	0
768	92	0
768	6	1
768	8	1
768	93	0
768	9	1
768	16	1
768	10	0
768	86	0
768	94	0
768	2	0
769	92	0
769	6	0
769	8	1
769	93	1
769	9	0
769	16	0
769	10	1
769	86	1
769	94	0
769	2	1
770	92	0
770	6	1
770	8	1
770	93	0
770	9	1
770	16	0
770	10	1
770	86	1
770	94	1
770	2	1
771	92	1
771	6	1
771	8	1
771	93	1
771	9	1
771	16	1
771	10	1
771	86	1
771	94	1
771	2	1
772	6	0
772	2	0
772	8	1
772	119	0
772	158	0
772	9	1
772	83	0
772	47	0
772	10	1
772	159	0
773	6	0
773	2	1
773	8	1
773	119	0
773	158	1
773	9	1
773	83	0
773	47	0
773	10	1
773	159	0
774	6	0
774	2	1
774	8	0
774	119	1
774	158	1
774	9	1
774	83	1
774	47	1
774	10	1
774	159	1
775	6	1
775	2	1
775	8	1
775	119	1
775	158	1
775	9	1
775	83	1
775	47	1
775	10	1
775	159	1
776	6	0
776	2	0
776	8	1
776	119	0
776	158	0
776	9	1
776	83	0
776	47	0
776	10	1
776	159	1
777	6	1
777	2	0
777	8	1
777	119	0
777	158	0
777	9	1
777	83	0
777	47	0
777	10	1
777	159	0
778	6	1
778	2	0
778	8	1
778	119	0
778	158	0
778	9	1
778	83	0
778	47	0
778	10	1
778	159	0
779	6	1
779	2	1
779	8	1
779	119	1
779	158	1
779	9	1
779	83	1
779	47	1
779	10	1
779	159	1
780	6	1
780	2	0
780	8	1
780	119	0
780	158	0
780	9	0
780	83	0
780	47	0
780	10	1
780	159	0
781	6	1
781	2	0
781	8	1
781	119	0
781	158	0
781	9	1
781	83	0
781	47	0
781	10	1
781	159	0
782	6	0
782	2	0
782	8	1
782	119	0
782	158	0
782	9	1
782	83	1
782	47	0
782	10	1
782	159	0
783	6	1
783	2	1
783	8	0
783	119	1
783	158	1
783	9	1
783	83	1
783	47	1
783	10	1
783	159	1
784	6	1
784	2	0
784	8	0
784	119	0
784	158	0
784	9	1
784	83	0
784	47	0
784	10	1
784	159	0
785	6	1
785	2	1
785	8	1
785	119	1
785	158	1
785	9	1
785	83	1
785	47	1
785	10	1
785	159	1
786	6	1
786	2	0
786	8	0
786	119	0
786	158	0
786	9	1
786	83	0
786	47	0
786	10	1
786	159	0
787	124	1
787	100	1
787	6	0
787	9	1
787	139	1
787	140	0
787	10	1
787	8	0
787	141	1
787	14	0
788	124	0
788	100	0
788	6	1
788	9	0
788	139	0
788	140	0
788	10	1
788	8	1
788	141	0
788	14	0
789	124	1
789	100	0
789	6	1
789	9	1
789	139	1
789	140	1
789	10	1
789	8	0
789	141	1
789	14	0
790	124	0
790	100	0
790	6	0
790	9	1
790	139	0
790	140	0
790	10	1
790	8	1
790	141	0
790	14	1
791	124	0
791	100	0
791	6	1
791	9	0
791	139	0
791	140	0
791	10	0
791	8	1
791	141	0
791	14	0
792	124	1
792	100	0
792	6	0
792	9	1
792	139	0
792	140	0
792	10	1
792	8	1
792	141	1
792	14	0
793	6	1
793	122	1
793	142	0
793	2	1
793	9	1
793	56	0
793	10	1
793	8	1
793	143	1
793	144	1
794	6	1
794	122	1
794	142	1
794	2	1
794	9	1
794	56	1
794	10	1
794	8	0
794	143	1
794	144	1
795	6	0
795	122	0
795	142	1
795	2	0
795	9	1
795	56	1
795	10	0
795	8	1
795	143	0
795	144	0
796	6	1
796	122	1
796	142	0
796	2	0
796	9	1
796	56	1
796	10	1
796	8	1
796	143	0
796	144	0
797	6	0
797	122	0
797	142	0
797	2	0
797	9	1
797	56	0
797	10	1
797	8	1
797	143	0
797	144	0
798	6	1
798	122	1
798	142	1
798	2	1
798	9	0
798	56	1
798	10	0
798	8	0
798	143	1
798	144	1
799	6	0
799	122	0
799	142	0
799	2	0
799	9	1
799	56	0
799	10	1
799	8	1
799	143	0
799	144	0
800	6	1
800	122	1
800	142	1
800	2	1
800	9	1
800	56	1
800	10	0
800	8	1
800	143	1
800	144	1
